FID,LAD21CD,LAD21NM,LAD21NMW,BNG_E,BNG_N,LONG,LAT,GlobalID,LAD21CD_1,LAD21NM_1,RUC21CD,RUC21NM,Urban_rura,Shape_Leng,Shape__Area,Shape__Length,GlobalID_2
1,E06000001,Hartlepool, ,447160,531474,-1.27018,54.6761,353a47f9-0a38-42b9-92d5-612794437e27,E06000001,Hartlepool,UUN,Urban: Majority nearer to a major town or city,Urban,66110.0110276,98351072.8359222,66110.0110275701,5d65a474-40ea-48a5-b647-e49b6c7f1f15
2,E06000002,Middlesbrough, ,451141,516887,-1.21099,54.5447,b4dcd1ed-2166-47e9-ae61-4bbe05c4b0a9,E06000002,Middlesbrough,UUN,Urban: Majority nearer to a major town or city,Urban,41055.7897905,54553586.4644165,41055.7897904943,b514dfaa-6d49-4959-819a-6c6a00def2f9
3,E06000003,Redcar and Cleveland, ,464361,519597,-1.00608,54.5675,9c578b25-3bf9-423f-aa91-ce5315a2b54f,E06000003,Redcar and Cleveland,UIN,Intermediate urban: Majority nearer to a major town or city,Urban,105292.103526,253785360.202087,105292.103526003,7a326cdc-9115-4e65-94f0-4d63e65f9f90
4,E06000004,Stockton-on-Tees, ,444940,518183,-1.30664,54.5569,b3a6ee7f-7e10-4ebf-8e60-c265f439855d,E06000004,Stockton-on-Tees,UUN,Urban: Majority nearer to a major town or city,Urban,108085.19014,209730808.795654,108085.190139869,33914785-fd8b-4fba-876b-729386d0cd14
5,E06000005,Darlington, ,428029,515648,-1.56835,54.5353,933c21a1-e315-44ab-8471-caa069f09686,E06000005,Darlington,UUN,Urban: Majority nearer to a major town or city,Urban,107203.152334,197477768.128265,107203.152334417,2207122a-b50d-485c-bade-0843c25cd9f0
6,E06000006,Halton, ,354246,382146,-2.68853,53.3342,393f4856-474f-4d74-aab5-0af9caa270c1,E06000006,Halton,UUN,Urban: Majority nearer to a major town or city,Urban,60716.8350606,90321522.4018326,60716.8350606477,a32cf837-5a11-4404-a726-4ca70e44f7c1
7,E06000007,Warrington, ,362744,388456,-2.56167,53.3916,88b48adc-8cd1-4ff2-bf50-a8ad1e33222f,E06000007,Warrington,UUN,Urban: Majority nearer to a major town or city,Urban,84154.547834,182383630.283203,84154.5478339994,876351ab-e556-4135-b267-327eb9f7570f
8,E06000008,Blackburn with Darwen, ,369490,422806,-2.4636,53.7008,98259b3d-62fe-4bc5-b11c-d693b68c6506,E06000008,Blackburn with Darwen,UUN,Urban: Majority nearer to a major town or city,Urban,65284.9523177,137022079.422363,65284.9523177376,b2c21282-b3c5-4704-bca5-c0667856de15
9,E06000009,Blackpool, ,332819,436635,-3.02199,53.8216,403625ec-ceff-4867-a090-637c7547b4a4,E06000009,Blackpool,UUN,Urban: Majority nearer to a major town or city,Urban,36304.962959,43150770.011795,36304.9629590298,41e8fbf7-46c9-4259-bd98-64748d47f139
10,E06000010,"Kingston upon Hull, City of", ,511894,431650,-0.30382,53.7692,505fbcd9-3ec1-4e3e-a80d-21c108b3ae56,E06000010,Kingston upon Hull,UUN,Urban: Majority nearer to a major town or city,Urban,46016.3827399,81468863.3850098,46016.3827399051,2156971a-dbc9-43dc-bf4e-59885f89b04f
11,E06000011,East Riding of Yorkshire, ,488056,443597,-0.66195,53.8811,ca7401a9-70aa-4556-a0d7-e71c9e506951,E06000011,East Riding of Yorkshire,RIN,Intermediate rural: Majority nearer to a major town or city,Rural,376762.982602,2491784973.04573,376762.982601629,456d53b8-ba32-47dd-9744-fe7af95b7008
12,E06000012,North East Lincolnshire, ,523465,404564,-0.13911,53.5233,7e608830-7972-4efb-891a-8c5518172e65,E06000012,North East Lincolnshire,UUN,Urban: Majority nearer to a major town or city,Urban,90688.1913274,202662547.44075,90688.1913274177,22e70f5c-559c-4213-91c3-c31e780bfd6d
13,E06000013,North Lincolnshire, ,497800,410993,-0.52407,53.5864,bd73af7c-601d-46da-9b3b-cca400649a5f,E06000013,North Lincolnshire,RIN,Intermediate rural: Majority nearer to a major town or city,Rural,183997.528738,878893404.613068,183997.528738299,7e57851a-9ee9-4d3e-9b91-2282731a2745
14,E06000014,York, ,460864,452589,-1.07375,53.9658,d9f14f25-2280-4b1b-877a-7e0fbf694360,E06000014,York,UUN,Urban: Majority nearer to a major town or city,Urban,99389.2312178,272009656.840805,99389.2312177846,3d2183de-48db-46de-b81c-9fbb32a0cac1
15,E06000015,Derby, ,435609,335375,-1.47189,52.9146,d5653e73-0655-41da-886c-4962c3ab3a07,E06000015,Derby,UUN,Urban: Majority nearer to a major town or city,Urban,50037.5273504,78031123.6711121,50037.5273504427,3683f478-e8ec-4d65-8931-57f49a9a1e2d
16,E06000016,Leicester, ,458946,304594,-1.1304,52.6359,524eb0a9-b785-4860-b7ff-6f313884ee89,E06000016,Leicester,UUN,Urban: Majority nearer to a major town or city,Urban,51931.7073368,73342071.6983032,51931.7073368346,fa70766d-90a7-4fca-8786-397f55ac14ae
17,E06000017,Rutland, ,492992,308655,-0.6263,52.6676,6bc6252c-1c4d-455a-b554-17a0fb1bbd10,E06000017,Rutland,RMF,Majority rural: Majority further from a major town or city,Rural,125884.932019,393748906.929871,125884.932019303,f5b5ea96-7fd1-456b-8eda-f5447d068767
18,E06000018,Nottingham, ,456082,339969,-1.16667,52.9542,5f1a966b-d636-44d4-83a6-79ec84ecc0dd,E06000018,Nottingham,UUN,Urban: Majority nearer to a major town or city,Urban,58724.0327676,74613555.3421631,58724.0327675763,bbdedf3c-fa62-421b-86b4-b3e3444b6f5e
19,E06000019,"Herefordshire, County of", ,349434,242834,-2.73931,52.0815,007f34ef-432c-4e85-b90f-ac40c8c1712c,E06000019,Herefordshire,RMF,Majority rural: Majority further from a major town or city,Rural,349889.284529,2179709443.1668,349889.284528727,517cf5e5-1c44-40a3-9fb1-e9461ab15527
20,E06000020,Telford and Wrekin, ,367035,313057,-2.48941,52.7142,6a6b5836-49eb-4379-9e4c-e97cbe795bdf,E06000020,Telford and Wrekin,UUN,Urban: Majority nearer to a major town or city,Urban,118779.656758,290313543.526337,118779.656757853,3e7434a1-5b8c-46c4-8a7c-9c5ece7ad60d
21,E06000021,Stoke-on-Trent, ,389438,346652,-2.15888,53.0171,c8376356-9be5-4ea6-baf5-912b75e01e87,E06000021,Stoke-on-Trent,UUN,Urban: Majority nearer to a major town or city,Urban,63974.4506513,93448482.2061844,63974.4506512752,05455e7f-c72e-4336-800a-97059339f567
22,E06000022,Bath and North East Somerset, ,366217,161999,-2.48654,51.356,89842e86-06de-4a65-8fed-bd035395f9cf,E06000022,Bath and North East Somerset,UIN,Intermediate urban: Majority nearer to a major town or city,Urban,141684.569708,351123212.497639,141684.569708064,d76c995b-8aaf-48bb-9a54-543da267f7eb
23,E06000023,"Bristol, City of", ,359990,174846,-2.57742,51.4711,3c6443e6-cf32-4629-840d-27d43b44a610,E06000023,Bristol,UUN,Urban: Majority nearer to a major town or city,Urban,145510.066246,235441874.046032,145510.066245692,8afa8c51-05c5-4535-b3ce-8728296fec0c
24,E06000024,North Somerset, ,347614,166718,-2.75438,51.3971,f2c19008-dee4-4658-aea1-569bc895a718,E06000024,North Somerset,UIN,Intermediate urban: Majority nearer to a major town or city,Urban,140559.058594,390467134.391697,140559.058594278,7fd96423-a7f9-4bdd-b2c6-2c5768aa1306
25,E06000025,South Gloucestershire, ,367559,183198,-2.46922,51.5467,c83b7d3f-14bd-4012-b8c4-adb0108c12ca,E06000025,South Gloucestershire,UUN,Urban: Majority nearer to a major town or city,Urban,159839.666114,536758434.528671,159839.66611388,7e35d91b-2a0d-4d8e-8283-4935960aabcb
26,E06000026,Plymouth, ,249945,58255,-4.11297,50.4049,fde8dbb3-95fd-42bc-b7c3-ee51c5f48795,E06000026,Plymouth,UUN,Urban: Majority nearer to a major town or city,Urban,63654.1004707,84369780.9683905,63654.1004706665,54f3f0b6-034e-4f3d-b65f-60648c52624c
27,E06000027,Torbay, ,289730,64613,-3.55523,50.4709,16f57b6d-2798-4535-b31a-8968fb69e67b,E06000027,Torbay,UUF,Urban: Majority further from a major town or city,Urban,52379.4990012,119452352.053448,52379.4990011865,af114b62-fe41-4188-b803-2da8fa12acda
28,E06000030,Swindon, ,418551,186564,-1.73367,51.5776,947da2b7-dab4-4c39-a79b-2fc1508579e3,E06000030,Swindon,UUN,Urban: Majority nearer to a major town or city,Urban,103014.61957,230093376.535385,103014.619569825,28892d58-0af6-42dc-94a2-6a6e24de7315
29,E06000031,Peterborough, ,517372,300777,-0.26874,52.5921,5eedfa7d-1b77-4080-b79c-bcf2b21a8d6b,E06000031,Peterborough,UUN,Urban: Majority nearer to a major town or city,Urban,112635.125796,343437870.480591,112635.12579564,9e431db0-ce3d-4504-9fd5-adf9e5641b3b
30,E06000032,Luton, ,508606,222559,-0.42319,51.891,49c4616c-fe6e-4ca4-a354-b0b8b051c40d,E06000032,Luton,UUN,Urban: Majority nearer to a major town or city,Urban,34569.6026266,43352491.4350586,34569.6026266023,ebfaf1e8-b8e3-43d9-b82b-4180458a545f
31,E06000033,Southend-on-Sea, ,587777,186837,0.706923,51.5492,e2076d65-e836-4ecc-a0a1-1d9d45955693,E06000033,Southend-on-Sea,UUN,Urban: Majority nearer to a major town or city,Urban,72409.9449923,67964095.2295609,72409.9449923374,9df2c8e5-a441-45a3-8245-8c58c18bf748
32,E06000034,Thurrock, ,562123,181590,0.334861,51.51,9e57509b-ad3a-4aaa-8540-8967cd7f2668,E06000034,Thurrock,UUN,Urban: Majority nearer to a major town or city,Urban,77782.1107392,184431437.057472,77782.110739215,b622d0c2-1074-4b93-a332-4cded6bac55d
33,E06000035,Medway, ,578207,175198,0.563174,51.4477,d01751da-d3be-4fb6-b896-8ca182801d81,E06000035,Medway,UUN,Urban: Majority nearer to a major town or city,Urban,92551.4684732,268923330.919075,92551.4684731985,7c7032da-4381-4219-b2da-bd8df726f8c9
34,E06000036,Bracknell Forest, ,488169,168792,-0.73363,51.4113,db4c326a-c5c1-4d31-8471-541d9545b807,E06000036,Bracknell Forest,UUN,Urban: Majority nearer to a major town or city,Urban,62507.9039338,109384214.697464,62507.9039338433,b3a1a19b-cb9e-48ea-9696-74c239658be2
35,E06000037,West Berkshire, ,450575,172095,-1.27364,51.4456,5151c4c5-eb79-4b4f-a8c0-feb698b5d31e,E06000037,West Berkshire,RIN,Intermediate rural: Majority nearer to a major town or city,Rural,166801.583097,704169399.468628,166801.583097447,b2d8726a-61b1-4eca-ab36-d641576033b7
36,E06000038,Reading, ,470226,173154,-0.99071,51.453,2433c308-445a-4fe8-8405-cbfb41b74b2e,E06000038,Reading,UUN,Urban: Majority nearer to a major town or city,Urban,39330.6369676,40397992.5604858,39330.6369676028,d2ffdd9a-3119-40f8-89e1-9f8804b21371
37,E06000039,Slough, ,498920,179246,-0.57617,51.5035,55958f4e-cd45-4237-9995-e85500e9c838,E06000039,Slough,UUN,Urban: Majority nearer to a major town or city,Urban,44181.3932343,32542009.0513763,44181.393234306,5c155fd7-bb4b-4268-a59d-e00156193058
38,E06000040,Windsor and Maidenhead, ,492079,176541,-0.67541,51.4803,64dc0a9e-aec6-4fdf-adc8-f2e5618a02ca,E06000040,Windsor and Maidenhead,UUN,Urban: Majority nearer to a major town or city,Urban,114829.071708,198427168.805359,114829.071707676,94f0ff70-8021-4610-99d1-7c21bd2996f7
39,E06000041,Wokingham, ,476624,169902,-0.89935,51.423,4c7b63a4-ba63-4258-88a7-1c9f26951448,E06000041,Wokingham,UUN,Urban: Majority nearer to a major town or city,Urban,86865.5899032,178965482.695686,86865.5899032165,ce46810f-08ac-47b7-9bc3-45db992d3b24
40,E06000042,Milton Keynes, ,486408,242308,-0.7407,52.0724,676068a0-b0bb-44e3-9f16-0a1cae119aaa,E06000042,Milton Keynes,UUN,Urban: Majority nearer to a major town or city,Urban,102960.289819,308626791.319244,102960.289818815,e63e5fe8-8c86-4243-bc36-8d6e73c17aad
41,E06000043,Brighton and Hove, ,530279,106850,-0.15079,50.8465,3c158cf3-c818-4a18-92d1-dd5062d6b85b,E06000043,Brighton and Hove,UUN,Urban: Majority nearer to a major town or city,Urban,58181.148575,85385894.5544281,58181.1485750244,08861a4b-b8db-4f97-a335-2e505836fa6c
42,E06000044,Portsmouth, ,465619,101352,-1.07006,50.808,85cef309-9e79-4802-b4cb-e06e6adc594c,E06000044,Portsmouth,UUN,Urban: Majority nearer to a major town or city,Urban,42341.5784834,60139129.1916695,42341.578483439,fb9fcdcf-d548-4387-a6b0-ca27f6fcf89b
43,E06000045,Southampton, ,442303,113700,-1.39952,50.9212,4f22d926-4a9e-4858-953e-da9404bfb067,E06000045,Southampton,UUN,Urban: Majority nearer to a major town or city,Urban,37286.152092,56385164.2909584,37286.1520920329,e5fad7d4-d6fb-49b7-bee3-dca8fc6f9d7e
44,E06000046,Isle of Wight, ,447183,85949,-1.33366,50.6713,8533b472-00ed-427d-afe9-170cd270fcf3,E06000046,Isle of Wight,RIF,Intermediate rural: Majority further from a major town or city,Rural,124904.994082,392824493.542683,124904.994082436,053b3826-3e04-4e21-a924-f9061ae231eb
45,E06000047,County Durham, ,410381,532242,-1.8405,54.6851,03d31d61-fcdd-4d1d-bee6-68fd696733d2,E06000047,County Durham,RIN,Intermediate rural: Majority nearer to a major town or city,Rural,310045.720523,2232609136.86771,310045.720523275,b0d80101-ff6a-41ad-8a61-395e5b49d2cd
46,E06000049,Cheshire East, ,380510,363462,-2.29299,53.1679,870c1366-3620-409e-a3b0-f74a6af3cbfa,E06000049,Cheshire East,UUN,Urban: Majority nearer to a major town or city,Urban,301224.749703,1166357380.99322,301224.749702643,ccd98c52-ef17-4b4b-9838-c626ac2c3380
47,E06000050,Cheshire West and Chester, ,353097,363145,-2.70298,53.1634,c93709e4-0f94-486e-969c-d994669bc794,E06000050,Cheshire West and Chester,UIN,Intermediate urban: Majority nearer to a major town or city,Urban,258517.961323,941207282.062027,258517.961323429,1d41dbb5-ae93-4ff6-94d8-0291674f706b
48,E06000051,Shropshire, ,350227,302960,-2.73667,52.6221,db851b66-fa22-4582-8c51-c9f44dc678db,E06000051,Shropshire,RMN,Majority rural: Majority nearer to a major town or city,Rural,580649.358715,3197275382.07504,580649.358714841,8e7859f2-349d-41de-a0ed-c3e9b4cb887f
49,E06000052,Cornwall, ,212497,64493,-4.64254,50.4502,0abd1bea-ecf5-4850-a3e5-70a563b20d5b,E06000052,Cornwall,RMF,Majority rural: Majority further from a major town or city,Rural,874622.644611,3611926550.06546,874622.64461051,3ea37c7b-61cb-41bd-9c61-8fabc70285de
50,E06000053,Isles of Scilly, ,91327,11447,-6.30217,49.9233,e9ca39e5-ba8d-4550-b0da-6b51a475dd0e,E06000053,Isles of Scilly,RMF,Majority rural: Majority further from a major town or city,Rural,180298.504277,22851430.2500864,180298.504277164,dcca5bf6-fa58-4c7f-a545-66b3951b3f07
51,E06000054,Wiltshire, ,405209,158863,-1.92661,51.3288,5d2562af-e4ca-43b5-af6b-1c267b12d315,E06000054,Wiltshire,RIF,Intermediate rural: Majority further from a major town or city,Rural,402006.286759,3255338119.79789,402006.286759092,d80a8951-c0c8-4b10-81be-7b1f069b1453
52,E06000055,Bedford, ,505721,256463,-0.45463,52.1963,8657d4e7-db65-4ef8-a4d7-a93a618cd96e,E06000055,Bedford,UIN,Intermediate urban: Majority nearer to a major town or city,Urban,131721.083518,476408301.260986,131721.083517931,6fe350b4-1c07-47b7-b4ed-8163bb426c09
53,E06000056,Central Bedfordshire, ,504615,234492,-0.47754,51.999,0cb2cffd-06d9-4b98-b3db-614b9ae263f9,E06000056,Central Bedfordshire,RIN,Intermediate rural: Majority nearer to a major town or city,Rural,232692.316779,715665302.186928,232692.316778813,c2ad7bb5-0525-4c3b-a9db-c6a78be1f981
54,E06000057,Northumberland, ,395322,600699,-2.07523,55.3004,e6206eb7-483d-4602-83ef-60a7ec1f8ac3,E06000057,Northumberland,RIN,Intermediate rural: Majority nearer to a major town or city,Rural,557431.41665,5078321480.21024,557431.416649591,5141502d-eddf-47ed-a95e-c5fc44f6ac49
55,E06000058,"Bournemouth, Christchurch and Poole", ,410815,94066,-1.84807,50.7461,7248e8f6-0602-4681-b892-beeee7277bf5,E06000058,"Bournemouth, Christchurch and Poole",UUN,Urban: Majority nearer to a major town or city,Urban,90480.5363274,173932099.25275,90480.5363274035,f0e0eddd-f221-46ec-9b33-82c6267c462f
56,E06000059,Dorset, ,370871,99796,-2.41467,50.797,2e23f89b-44dc-4f8a-b6f0-dd098318a608,E06000059,Dorset,RIF,Intermediate rural: Majority further from a major town or city,Rural,416805.604348,2521074362.41974,416805.604347909,88ee8f54-3e88-47e2-976a-b20b3b37765b
57,E06000060,Buckinghamshire, ,482506,208561,-0.80569,51.7697,a965c889-69db-444d-b6dd-273fae8d1c61,E06000060,Buckinghamshire,UIN,Intermediate urban: Majority nearer to a major town or city,Urban,361852.640717,1564949149.76099,361852.64071749,83e4e51f-fd10-48d3-8b57-b12287e3bd47
58,E06000061,North Northamptonshire, ,493590,281718,-0.62504,52.4255,97b92d47-fdf3-4faa-9f9b-b167b3365322,E06000061,North Northamptonshire,UIN,Intermediate urban: Majority nearer to a major town or city,Urban,210629.486174,986594568.069794,210629.48617394,e6e89e51-0247-4c41-8148-459510c2ea08
59,E06000062,West Northamptonshire, ,467187,263879,-1.01682,52.269,47279e9f-95ce-4a1a-b4d2-78b3fc66f248,E06000062,West Northamptonshire,UIN,Intermediate urban: Majority nearer to a major town or city,Urban,263792.053952,1380395592.6176,263792.05395224,75ecdf00-e392-420f-a783-c569a111e63f
60,E07000008,Cambridge, ,545420,257901,0.126436,52.2002,083af31d-518e-424b-8740-e870ebcbe829,E07000008,Cambridge,UUN,Urban: Majority nearer to a major town or city,Urban,37170.3582136,40698797.9441071,37170.3582136235,fe9d4fa1-a931-474a-8e02-c2822be722cc
61,E07000009,East Cambridgeshire, ,555576,275765,0.283149,52.3579,61c25cd4-3577-4ba4-9af6-a788fd1c639b,E07000009,East Cambridgeshire,RMF,Majority rural: Majority further from a major town or city,Rural,192582.753569,651720403.688766,192582.753569455,11d1f903-3041-49ac-a2b2-bc0f30fc96f4
62,E07000010,Fenland, ,536361,294959,0.009016,52.5354,f8ddadad-04e0-4376-a14e-6793d23ff738,E07000010,Fenland,UIF,Intermediate urban: Majority further from a major town or city,Urban,153633.167713,547355397.170364,153633.167713497,bd39c87f-61b0-4101-847b-f601c5fa23bb
63,E07000011,Huntingdonshire, ,521008,274269,-0.2247,52.3531,3a2f2f63-785a-4749-a0ce-7df447526dd9,E07000011,Huntingdonshire,RMN,Majority rural: Majority nearer to a major town or city,Rural,222221.183275,912545826.526749,222221.183274939,e739afdd-bb71-4b15-90ec-3cce29aeaa6b
64,E07000012,South Cambridgeshire, ,543295,247586,0.091017,52.1081,770a88b4-20d0-43d4-ae61-bfe2474d1553,E07000012,South Cambridgeshire,RMN,Majority rural: Majority nearer to a major town or city,Rural,256919.603901,901687149.361397,256919.603900738,7d277977-e3cb-4ec8-9427-503111927a16
65,E07000026,Allerdale, ,317520,532997,-3.2809,54.6852,93bdb9f3-4305-4cd4-84de-0252ad044472,E07000026,Allerdale,RMF,Majority rural: Majority further from a major town or city,Rural,234071.914265,1319339512.71126,234071.914265125,1f707425-80b9-4a45-a50e-1f964136dc95
66,E07000027,Barrow-in-Furness, ,321741,474165,-3.1999,54.1573,f29d23a4-b850-4639-8026-8deeb0e0ef5b,E07000027,Barrow-in-Furness,UUF,Urban: Majority further from a major town or city,Urban,80046.5736909,132075297.85762,80046.5736909127,4630d3e2-c43e-42a5-8423-ffe259d8a4f1
67,E07000028,Carlisle, ,348576,565154,-2.80498,54.9783,a52a73f8-c368-45c2-a7da-4d7740911bcd,E07000028,Carlisle,UIN,Intermediate urban: Majority nearer to a major town or city,Urban,217380.6797,1056792707.13963,217380.679700441,613f8845-2b33-4401-ac0a-10005fd011ec
68,E07000029,Copeland, ,310871,508739,-3.37664,54.4662,050cf119-3d25-408d-96a0-6bf6e142e233,E07000029,Copeland,RMF,Majority rural: Majority further from a major town or city,Rural,164133.681246,775540986.144531,164133.681246131,9c0445ef-d16b-4098-ab99-5d02a41a49ae
69,E07000030,Eden, ,359636,526396,-2.62678,54.6311,caf3f621-e0c2-41ce-b18b-3705125d73c3,E07000030,Eden,RMF,Majority rural: Majority further from a major town or city,Rural,268743.656802,2156471321.41464,268743.656802273,bd27c4f6-4618-4096-b8c1-093caccb0550
70,E07000031,South Lakeland, ,349265,489555,-2.78108,54.2991,31a4f7e6-8579-443f-a16d-2863067e4a73,E07000031,South Lakeland,RMF,Majority rural: Majority further from a major town or city,Rural,323040.61053,1743488685.93423,323040.610529942,aebf492f-7ba3-4471-b188-eade707f0a42
71,E07000032,Amber Valley, ,436166,348084,-1.46219,53.0288,97a79db6-f385-4a30-aee0-44933b22fc00,E07000032,Amber Valley,UIN,Intermediate urban: Majority nearer to a major town or city,Urban,109036.161823,265437866.790695,109036.161822696,09b0ddc2-97f4-4edf-b325-3ccbb48c827b
72,E07000033,Bolsover, ,448666,371548,-1.27228,53.2388,2d189c19-be95-423f-9eec-85e98da5f6f7,E07000033,Bolsover,RIN,Intermediate rural: Majority nearer to a major town or city,Rural,96239.0059796,160334646.961426,96239.0059795534,5ce9b96b-eda6-412a-8ce0-0b3a84b1b2c6
73,E07000034,Chesterfield, ,440049,373359,-1.40115,53.2557,e594171a-fa5e-4e23-886e-1c285f7adcda,E07000034,Chesterfield,UUN,Urban: Majority nearer to a major town or city,Urban,52617.6461928,66035293.2658386,52617.6461927633,82849300-f3e7-4767-8807-13d4c343e2ea
74,E07000035,Derbyshire Dales, ,419697,358493,-1.70711,53.1233,dac34aa5-2fe9-4e3b-a69e-9597aa61c79c,E07000035,Derbyshire Dales,RMN,Majority rural: Majority nearer to a major town or city,Rural,245475.146247,795318060.803596,245475.146246716,86322d34-de7c-4953-b3a9-354f33db9961
75,E07000036,Erewash, ,443721,338063,-1.3509,52.9382,a4fb9d1e-9a47-4433-9bc5-84fd6929405c,E07000036,Erewash,UUN,Urban: Majority nearer to a major town or city,Urban,73547.4074228,109630045.589233,73547.4074227637,9c063639-83b8-49bf-9a51-ca02a18dfe1c
76,E07000037,High Peak, ,410474,387660,-1.84398,53.3857,c26ea72f-ec19-4d28-88b9-0b6c0a5e0245,E07000037,High Peak,UIN,Intermediate urban: Majority nearer to a major town or city,Urban,159632.653793,540254002.914841,159632.653793227,3dcaceed-e795-475c-94d3-e92fa84ba216
77,E07000038,North East Derbyshire, ,437369,362955,-1.44253,53.1624,42f1e3ba-2555-4c86-9902-4c1b9df15554,E07000038,North East Derbyshire,RIN,Intermediate rural: Majority nearer to a major town or city,Rural,161243.418635,275623525.416367,161243.41863516,e0799d82-94fb-4a63-a94a-938bcd818362
78,E07000039,South Derbyshire, ,431443,325363,-1.5348,52.8249,afa72714-c91f-41d7-8295-0aca48d453ac,E07000039,South Derbyshire,RIN,Intermediate rural: Majority nearer to a major town or city,Rural,166692.971483,338126971.197563,166692.971482608,6bfd4993-597d-48e5-b407-851877b19f13
79,E07000040,East Devon, ,313790,96050,-3.22359,50.7576,02f4e805-e3d8-4841-81c4-c68249feb797,E07000040,East Devon,RMN,Majority rural: Majority nearer to a major town or city,Rural,217041.380633,822450281.773302,217041.380632542,75a80596-3980-4f9e-be45-26ebaceebdfe
80,E07000041,Exeter, ,293239,92005,-3.51368,50.7178,cf0d43a8-6b0f-44ff-8f4c-8c30454a2188,E07000041,Exeter,UUN,Urban: Majority nearer to a major town or city,Urban,37260.5852381,47884789.3885136,37260.5852380559,64ea9f42-2141-46b3-be44-661a5cd57b02
81,E07000042,Mid Devon, ,288064,108911,-3.59212,50.8688,88e1602f-6823-4063-8376-a61a71f40092,E07000042,Mid Devon,RMN,Majority rural: Majority nearer to a major town or city,Rural,246269.426737,912900111.710012,246269.426737415,5555e2ac-410f-417d-9983-08d02a2475b8
82,E07000043,North Devon, ,265110,132532,-3.92691,51.0762,5b8f6565-cb6d-471d-84f8-35e69462b5aa,E07000043,North Devon,RMF,Majority rural: Majority further from a major town or city,Rural,252388.743695,1104730718.22705,252388.743695075,078bfb60-373d-4835-9a7f-6703320d6467
83,E07000044,South Hams, ,270676,54036,-3.81996,50.3719,3397811c-db47-4c46-85a8-1a0893e9b1e2,E07000044,South Hams,RMF,Majority rural: Majority further from a major town or city,Rural,350531.84535,905210027.927177,350531.845349885,7fefaf32-a50f-439b-8297-b1fce416fde8
84,E07000045,Teignbridge, ,283144,80205,-3.65289,50.6098,288e9389-836d-4e5e-ba08-756ae0292f54,E07000045,Teignbridge,RIN,Intermediate rural: Majority nearer to a major town or city,Rural,161972.481356,680052758.65115,161972.481355986,fdc3ab70-e41b-45c6-8e18-ebe1275db501
85,E07000046,Torridge, ,244206,114334,-4.21728,50.9074,a36e9935-1222-42a4-b1d7-80300e8aa894,E07000046,Torridge,RMF,Majority rural: Majority further from a major town or city,Rural,326150.190796,995285628.123102,326150.190796347,e8bd7f07-ac5e-434d-abb6-3c5e2eedd006
86,E07000047,West Devon, ,256376,86990,-4.03361,50.6648,5e33b8a6-edb9-49b0-8192-c2e97976f7d8,E07000047,West Devon,RMF,Majority rural: Majority further from a major town or city,Rural,241070.139011,1164731597.805,241070.139010967,5b9f9045-cd93-438a-9f86-22dad001aa3d
87,E07000061,Eastbourne, ,559339,99575,0.258516,50.7739,b0f2c5b7-e2bd-4196-a46d-d157636c46c7,E07000061,Eastbourne,UUN,Urban: Majority nearer to a major town or city,Urban,36360.4673137,45331262.0917816,36360.4673137486,78101f9f-27ce-41a4-a1d9-b6ebdf6dd26d
88,E07000062,Hastings, ,581528,110694,0.578395,50.8672,1cbe1d9b-1b14-401a-9c09-9e591638d132,E07000062,Hastings,UUN,Urban: Majority nearer to a major town or city,Urban,35829.8600823,30801096.5589981,35829.8600822761,0b031187-92f3-404d-8e1d-149ab3ad45ed
89,E07000063,Lewes, ,541474,105686,0.007671,50.8334,5202e8c0-5da9-48ca-8b40-e8e31c4944ff,E07000063,Lewes,UIN,Intermediate urban: Majority nearer to a major town or city,Urban,116659.303792,294397917.287888,116659.303791905,4d66f755-3cd3-473a-95f9-59f286817e8c
90,E07000064,Rother, ,578721,119666,0.542937,50.9487,63aa4786-9a29-446b-8996-212793441114,E07000064,Rother,RMN,Majority rural: Majority nearer to a major town or city,Rural,163820.396927,517123511.605907,163820.396926805,bd65bf0a-fd3a-42b8-a37a-ba7efe3118f7
91,E07000065,Wealden, ,555048,117180,0.205156,50.9332,72119221-de0e-4281-8fd0-9d42bfb92400,E07000065,Wealden,RIN,Intermediate rural: Majority nearer to a major town or city,Rural,218994.821717,836160682.280758,218994.821717177,0c0aca18-e9f0-4c6f-b4ee-b24938b30510
92,E07000066,Basildon, ,571548,190848,0.475055,51.5904,4ab96110-ffff-4bd2-a472-e476d37866b8,E07000066,Basildon,UUN,Urban: Majority nearer to a major town or city,Urban,59684.4277413,110449133.592903,59684.4277413346,57b90c65-a4a5-44bf-8698-1c876f81ee05
93,E07000067,Braintree, ,577253,227335,0.575911,51.9163,ed5bfb3b-112f-4fd9-bfe7-157426f86546,E07000067,Braintree,RIN,Intermediate rural: Majority nearer to a major town or city,Rural,168686.280037,611707972.276634,168686.280036762,7e2b9f6e-4e29-42d8-9ea2-601e58d00e38
94,E07000068,Brentwood, ,558560,196070,0.290091,51.6411,511ad2d7-c38f-4e86-b442-a90571fc2629,E07000068,Brentwood,UIN,Intermediate urban: Majority nearer to a major town or city,Urban,72339.3648641,153124049.543587,72339.3648640895,c40cc39b-b7f6-4662-bc48-95cc808d43be
95,E07000069,Castle Point, ,579490,187920,0.588084,51.5616,39be8940-f30c-4362-95f2-0b148f330bdd,E07000069,Castle Point,UUN,Urban: Majority nearer to a major town or city,Urban,45506.9918265,63622069.9330139,45506.9918265393,b0437cdb-6306-4a31-84f0-ca7b4a6754f9
96,E07000070,Chelmsford, ,572116,206972,0.491177,51.735,6bf7372c-87e4-4008-8e77-69011c24d3cc,E07000070,Chelmsford,UUN,Urban: Majority nearer to a major town or city,Urban,113219.206926,342997302.09079,113219.206925945,6b9951da-4516-444e-9f5d-8b0e1bfca8f4
97,E07000071,Colchester, ,596944,223693,0.859777,51.877,5b591510-8b02-42ca-96f8-55043ee9fa61,E07000071,Colchester,UIN,Intermediate urban: Majority nearer to a major town or city,Urban,131022.40745,346773171.90168,131022.407449597,6e74abb0-a1c6-4fe2-ac10-fffafe01d3f9
98,E07000072,Epping Forest, ,548919,203758,0.154147,51.7128,47f9ed31-957c-4bc5-a625-3fd54214a9d6,E07000072,Epping Forest,UIN,Intermediate urban: Majority nearer to a major town or city,Urban,123273.057417,338984123.599457,123273.057417461,319b9905-9f29-4180-872d-49c8247b7765
99,E07000073,Harlow, ,545276,209589,0.103888,51.7661,eaf93d8e-0100-44fb-924b-7e28df690ed0,E07000073,Harlow,UUN,Urban: Majority nearer to a major town or city,Urban,28515.3507177,30537917.1762543,28515.3507176647,2998cfc4-3c89-4c44-8c07-6d652e656407
100,E07000074,Maldon, ,591413,212072,0.773106,51.7746,078d2936-b64a-4230-a24e-0b65c0ce29ca,E07000074,Maldon,RMN,Majority rural: Majority nearer to a major town or city,Rural,109043.928461,428049202.969826,109043.928460703,df0a7e2c-5565-42cf-8074-e78b1541afef
101,E07000075,Rochford, ,585979,191417,0.683442,51.5909,b290a4b0-4047-4bd0-9ed2-cad7d7793e8c,E07000075,Rochford,UUN,Urban: Majority nearer to a major town or city,Urban,195284.642724,262900411.673325,195284.642724352,4487fbf1-7b7f-43ee-8724-5946d20736e5
102,E07000076,Tendring, ,614190,222141,1.10898,51.8567,7d7d1877-ea49-4d6a-96bd-d1b282ff053f,E07000076,Tendring,UIN,Intermediate urban: Majority nearer to a major town or city,Urban,99265.0705671,366182642.555229,99265.0705671118,bbda3515-ab9d-4d59-93f7-ac05f6729713
103,E07000077,Uttlesford, ,557832,228865,0.294485,51.9359,b7ba51da-4328-403f-909f-bac66549cfdd,E07000077,Uttlesford,RMN,Majority rural: Majority nearer to a major town or city,Rural,166507.733417,641182922.292656,166507.733417474,fb95ff27-4d5d-4523-a726-e222218bd7cd
104,E07000078,Cheltenham, ,394925,222232,-2.07515,51.8986,f61797e1-5fc5-4eaa-a30c-7af16d75c01d,E07000078,Cheltenham,UUN,Urban: Majority nearer to a major town or city,Urban,38230.9516326,46596069.5640182,38230.9516326001,425a0b4e-e33f-48fe-837f-8bffe555aba1
105,E07000079,Cotswold, ,402125,208209,-1.97059,51.7725,29b22261-5ca5-4975-b995-682afa03ba24,E07000079,Cotswold,RMN,Majority rural: Majority nearer to a major town or city,Rural,332444.390576,1164524408.27798,332444.390575856,5fc21f15-5050-4775-bb2c-970fc4b24d14
106,E07000080,Forest of Dean, ,367175,212759,-2.47755,51.8125,45b6c69f-cc26-4019-9740-fd0c87df27f2,E07000080,Forest of Dean,RMF,Majority rural: Majority further from a major town or city,Rural,191326.704298,561125445.29092,191326.704298468,ecf72712-bb6f-4aa3-b40b-d9a25aa29702
107,E07000081,Gloucester, ,384071,216449,-2.23263,51.8464,5502bdb9-24a1-4fa0-8977-74888c05a758,E07000081,Gloucester,UUN,Urban: Majority nearer to a major town or city,Urban,31276.038198,40826626.3299637,31276.0381980168,3fe39fe8-f71e-42af-be42-ecad2c1bd6f7
108,E07000082,Stroud, ,378807,202410,-2.30818,51.72,35a32c7f-b3e5-4723-8a89-ef04bcdaa833,E07000082,Stroud,UIN,Intermediate urban: Majority nearer to a major town or city,Urban,171976.419516,476176004.399246,171976.419516061,e59d1170-f1d7-4fe2-ab3e-1de08539a59e
109,E07000083,Tewkesbury, ,386347,226279,-2.19998,51.9348,5261bee1-c43e-450d-bc04-5559421840ca,E07000083,Tewkesbury,UIN,Intermediate urban: Majority nearer to a major town or city,Urban,201683.365694,414975896.742531,201683.365694101,6ef3c5af-9114-44d4-bc40-2faf55816298
110,E07000084,Basingstoke and Deane, ,454508,151423,-1.22021,51.2594,b84d151f-1b1a-4d1a-995f-6628abf9e590,E07000084,Basingstoke and Deane,UIN,Intermediate urban: Majority nearer to a major town or city,Urban,143437.080139,633817174.904499,143437.080139487,c6d8d02c-ab54-4742-b8b5-7cb618d48bb5
111,E07000085,East Hampshire, ,474404,129237,-0.93971,51.0577,2b37be12-67de-4d79-aeae-6e85bba652d6,E07000085,East Hampshire,RIN,Intermediate rural: Majority nearer to a major town or city,Rural,144540.456381,514432073.296314,144540.456381259,14416eb2-4f6f-4d58-ba50-94c3f6fa435f
112,E07000086,Eastleigh, ,447202,116802,-1.32943,50.9487,de0381f9-c690-4134-9734-3ed1877df4b6,E07000086,Eastleigh,UUN,Urban: Majority nearer to a major town or city,Urban,67986.6789744,85286909.7635918,67986.67897439,fba88154-b32e-489a-a227-a8ede650254a
113,E07000087,Fareham, ,453774,106319,-1.23742,50.8539,79ac1c91-30cf-4097-a123-a333241e997b,E07000087,Fareham,UUN,Urban: Majority nearer to a major town or city,Urban,55210.2776983,77886245.6998444,55210.2776983169,ba384584-7ec5-44bb-b387-b74ceb0dd928
114,E07000088,Gosport, ,458769,101088,-1.16731,50.8064,e2957c40-8116-459a-a3d3-369f5f25b44f,E07000088,Gosport,UUN,Urban: Majority nearer to a major town or city,Urban,25714.8148855,27607865.203476,25714.8148855183,80360209-e4d0-49e8-82e9-e8c917330a7f
115,E07000089,Hart, ,477985,154240,-0.88321,51.282,37022812-2c74-4ed1-ac98-ba479d19303c,E07000089,Hart,UIN,Intermediate urban: Majority nearer to a major town or city,Urban,77847.650971,215265080.736488,77847.6509709792,c98a00b7-d83e-4717-87dc-bb162b2ccc25
116,E07000090,Havant, ,470178,108564,-1.00398,50.8723,63875b09-b768-482c-8600-945ec7c2a7dc,E07000090,Havant,UUN,Urban: Majority nearer to a major town or city,Urban,56097.8964507,78946166.2913742,56097.8964507164,858ee468-b922-4c38-b8e2-127af78961ac
117,E07000091,New Forest, ,428748,106521,-1.59293,50.8575,eea0c897-f0af-4537-b9ec-08948624952f,E07000091,New Forest,UIN,Intermediate urban: Majority nearer to a major town or city,Urban,183527.804354,776285674.613495,183527.804353797,ff802df4-0aa8-4415-a5f7-8b648b0b26ee
118,E07000092,Rushmoor, ,486022,153944,-0.76807,51.2781,28b59e32-d781-4d81-bfc3-d69a0f8a4add,E07000092,Rushmoor,UUN,Urban: Majority nearer to a major town or city,Urban,31892.9860932,39045039.9988327,31892.9860931807,60a03938-c824-448a-8cfc-6f1c2053b10b
119,E07000093,Test Valley, ,434930,137329,-1.50214,51.1342,9c518997-dd70-461b-9079-9946ba780f89,E07000093,Test Valley,UIN,Intermediate urban: Majority nearer to a major town or city,Urban,185842.6765,627621791.62151,185842.676499552,fdf8c02e-129a-45d6-941d-4b6c2e17a618
120,E07000094,Winchester, ,453115,125901,-1.24393,51.03,da0acacd-2cad-4320-aa01-8301bfd556d3,E07000094,Winchester,RIN,Intermediate rural: Majority nearer to a major town or city,Rural,167997.366602,661060598.869354,167997.366601878,90ce5cf7-10e4-44a9-96f8-2c802fe9d218
121,E07000095,Broxbourne, ,534742,204251,-0.05073,51.7208,42729f52-a862-40bf-b213-1a466178562f,E07000095,Broxbourne,UUN,Urban: Majority nearer to a major town or city,Urban,39068.7347763,51442302.8940964,39068.7347762829,09abf0b2-7fea-469e-b908-64932186611c
122,E07000096,Dacorum, ,500084,208745,-0.55098,51.7685,b79652da-fa8d-4e75-be9c-163f7bfbde02,E07000096,Dacorum,UUN,Urban: Majority nearer to a major town or city,Urban,110103.603608,212476395.569984,110103.603607566,7743b34e-be9f-4ce4-9cba-79bdf5e78132
123,E07000098,Hertsmere, ,519774,199352,-0.26899,51.6802,670ff35e-45f0-485d-a2f8-d402fb7fc0df,E07000098,Hertsmere,UUN,Urban: Majority nearer to a major town or city,Urban,61228.1015168,101128162.404755,61228.1015167854,f7ae4d5c-75ff-451e-8d48-1623d3cc16fd
124,E07000099,North Hertfordshire, ,522192,230256,-0.22314,51.9574,838a1413-b0d0-486e-af0a-a02a7336fd4d,E07000099,North Hertfordshire,UUN,Urban: Majority nearer to a major town or city,Urban,168316.641493,375382315.75721,168316.641493228,d7e37418-7ba1-444e-a173-89d0bb1abc64
125,E07000102,Three Rivers, ,507313,196418,-0.45005,51.6563,1494578d-b429-4e5d-8057-b2e8d0212059,E07000102,Three Rivers,UUN,Urban: Majority nearer to a major town or city,Urban,74112.5121827,88824172.4603958,74112.5121827277,c0de0de0-72aa-47ab-b7d5-409a29cf4d53
126,E07000103,Watford, ,510441,198197,-0.40429,51.6717,28dd8dab-5a61-44a4-95c3-d742b57c9a03,E07000103,Watford,UUN,Urban: Majority nearer to a major town or city,Urban,26392.3637918,21430351.4039917,26392.3637917563,85c47f6a-b244-453a-ac4e-2112d84e18ca
127,E07000105,Ashford, ,597640,140644,0.823374,51.131,7e9de1fd-1223-4f19-89b1-488b175a846c,E07000105,Ashford,RIN,Intermediate rural: Majority nearer to a major town or city,Rural,149446.336253,580617311.422043,149446.336252667,14a7983f-135d-48df-aa5b-7048d55d68c5
128,E07000106,Canterbury, ,616032,158096,1.09634,51.281,c6cf3f4e-237f-4b11-810b-862104d20820,E07000106,Canterbury,UUF,Urban: Majority further from a major town or city,Urban,121123.042728,318604456.255562,121123.04272764,f8097761-fbba-43f9-9783-b2f26bed8c93
129,E07000107,Dartford, ,556167,172917,0.245276,51.4337,87f79a4a-be31-4069-84cf-646548a89341,E07000107,Dartford,UUN,Urban: Majority nearer to a major town or city,Urban,52447.1650104,76310426.0269089,52447.1650103711,9e058bca-357d-4856-bb70-b71d62fec8fe
130,E07000108,Dover, ,628964,150942,1.27689,51.2118,8e43f5a7-b8e7-4112-8683-7c76beee15b4,E07000108,Dover,UIF,Intermediate urban: Majority further from a major town or city,Urban,117254.61501,320781085.827332,117254.615009662,a25dced8-8ce4-4517-9404-8bf67f9cd02f
131,E07000109,Gravesham, ,566969,169114,0.398744,51.3965,13dab6cf-f678-49fc-af8c-5727716876dd,E07000109,Gravesham,UUN,Urban: Majority nearer to a major town or city,Urban,59361.9974523,104958773.387756,59361.9974523326,e4f3062d-56d8-4c04-94c2-5855f4e29292
132,E07000110,Maidstone, ,580489,151670,0.584061,51.2357,15e3dee3-450f-424d-9df2-cc93cc007cd2,E07000110,Maidstone,UIN,Intermediate urban: Majority nearer to a major town or city,Urban,121874.087083,393350735.849304,121874.087082961,0ddfa997-e0d9-4d7d-b6c3-306b6eec802f
133,E07000111,Sevenoaks, ,552776,155218,0.188936,51.2756,dc3d6b48-74b1-491c-a4bf-3a1ddafb85fe,E07000111,Sevenoaks,RIN,Intermediate rural: Majority nearer to a major town or city,Rural,134435.330146,370346869.562752,134435.330146171,5d2e093b-01c9-4d91-b596-1e4e5203cb5e
134,E07000112,Folkestone and Hythe, ,610318,134595,1.0008,51.0721,7fe71f93-717e-4465-930e-b21f8538cb67,E07000112,Folkestone and Hythe,RIN,Intermediate rural: Majority nearer to a major town or city,Rural,151367.247538,365467300.8601,151367.247537602,5c24911f-7691-4ffb-a6ec-9fe5230a7653
135,E07000113,Swale, ,593583,161818,0.776893,51.3225,601ea973-12fb-45a6-88f2-32c9adacfbe1,E07000113,Swale,UIN,Intermediate urban: Majority nearer to a major town or city,Urban,109856.026974,422001851.917305,109856.026974116,0c9bb39a-20df-4c03-9c32-743572c93346
136,E07000114,Thanet, ,631839,166752,1.32823,51.3525,f30c8e16-5a4b-482d-98b8-fe67eb9d85da,E07000114,Thanet,UUF,Urban: Majority further from a major town or city,Urban,59280.1345453,112464084.444031,59280.134545259,79bc063e-142e-4571-9c1b-b4969b7a9d68
137,E07000115,Tonbridge and Malling, ,564014,153898,0.349306,51.2606,98911bd8-676e-4472-b424-81245b686a41,E07000115,Tonbridge and Malling,RIN,Intermediate rural: Majority nearer to a major town or city,Rural,109908.250183,240973424.393623,109908.25018334,22da3f1d-7584-4c5e-99d0-b36d1702bbc4
138,E07000116,Tunbridge Wells, ,573139,136599,0.471632,51.1025,dd9c25c8-8725-42ab-a74e-b6a11b62208a,E07000116,Tunbridge Wells,RIF,Intermediate rural: Majority further from a major town or city,Rural,150590.348271,331328858.204216,150590.348271022,93e90306-4815-40cd-a050-21df65f01c66
139,E07000117,Burnley, ,384886,430882,-2.2308,53.7741,95d910d8-f941-4b13-ac4c-9e1b78a46875,E07000117,Burnley,UUN,Urban: Majority nearer to a major town or city,Urban,57764.4790119,110683998.008865,57764.4790119146,a9d6751c-4ff0-40e3-8e00-9e313e5ec0aa
140,E07000118,Chorley, ,359189,419724,-2.61921,53.6724,dcb0e0b8-52b2-4b08-b0f0-cc4020020b4f,E07000118,Chorley,RIN,Intermediate rural: Majority nearer to a major town or city,Rural,95556.8290827,202905459.817184,95556.8290826612,5eefc2ee-768f-421d-a14b-e790317d588e
141,E07000119,Fylde, ,339554,433811,-2.91914,53.7971,983a4df5-2158-46c7-a64c-9c2b9c2ff831,E07000119,Fylde,UIN,Intermediate urban: Majority nearer to a major town or city,Urban,77475.0551332,181718959.467911,77475.0551331604,0737b4a5-483d-4fce-97f6-63027fd87b7c
142,E07000120,Hyndburn, ,374407,428971,-2.38964,53.7565,a09b5b6a-0016-4a9f-82cb-6c6deac3643c,E07000120,Hyndburn,UUN,Urban: Majority nearer to a major town or city,Urban,42726.6455331,73006538.3963776,42726.6455330733,250e7b23-cb15-441a-9d1b-ce968b7cb0cf
143,E07000121,Lancaster, ,356896,464988,-2.6603,54.079,4ce5cbf4-9273-4d57-9da5-5fefe10ce718,E07000121,Lancaster,UIF,Intermediate urban: Majority further from a major town or city,Urban,180295.579308,653896968.41983,180295.579308497,216ee817-406d-4125-9ef4-2204b29e3593
144,E07000122,Pendle, ,387637,443368,-2.18957,53.8864,01c5505a-487d-48bd-8f35-817ac557b5de,E07000122,Pendle,UUN,Urban: Majority nearer to a major town or city,Urban,79243.6273907,169380095.937088,79243.6273907022,ae0418e8-6c9d-418c-9516-0e96c0017f2c
145,E07000123,Preston, ,352825,436432,-2.71809,53.822,474ad19f-74f1-437e-a90f-1831b5c62052,E07000123,Preston,UUN,Urban: Majority nearer to a major town or city,Urban,71123.2727386,142944803.405899,71123.2727385563,a2db6d5e-29b0-4668-9a25-b05b79b8a752
146,E07000124,Ribble Valley, ,372687,447676,-2.4174,53.9245,501cb02c-a79b-443f-8d83-a7d2b6ef75a4,E07000124,Ribble Valley,RMN,Majority rural: Majority nearer to a major town or city,Rural,150571.019012,584462427.345154,150571.019012166,a1a7285d-cfad-4abb-bc0e-125e8e979a3f
147,E07000125,Rossendale, ,382827,420955,-2.26149,53.6848,99f537f9-e491-450c-a624-1f1f91268f8c,E07000125,Rossendale,UUN,Urban: Majority nearer to a major town or city,Urban,71149.6678905,138040902.83493,71149.6678904944,ff8c7377-5645-4f3a-9935-fe77d5f78231
148,E07000126,South Ribble, ,352017,425840,-2.72871,53.7267,6c380127-f57d-448b-a1f1-62c62e5895a5,E07000126,South Ribble,UUN,Urban: Majority nearer to a major town or city,Urban,75383.605925,114615081.50676,75383.6059250343,332c8e10-0f2a-4484-9307-3ef8581bd342
149,E07000127,West Lancashire, ,342611,413270,-2.86893,53.6128,ab4de6e4-f9f7-4918-8158-6ce4908abe93,E07000127,West Lancashire,RIN,Intermediate rural: Majority nearer to a major town or city,Rural,146006.258415,380965600.50515,146006.258414721,c3e10400-b514-4244-855e-dabf5582245a
150,E07000128,Wyre, ,347295,445159,-2.80359,53.8999,aa32a3bb-6a21-4a47-879f-83a7538cbd9b,E07000128,Wyre,UIN,Intermediate urban: Majority nearer to a major town or city,Urban,139266.449831,328802208.028152,139266.449831069,b3e13d86-036b-4ca0-90ca-3b4dd67eaffb
151,E07000129,Blaby, ,454385,297994,-1.19887,52.5771,3a9b5ecd-2f00-447a-b8da-a5fdacf367e4,E07000129,Blaby,UIN,Intermediate urban: Majority nearer to a major town or city,Urban,100819.77202,130468677.481171,100819.77202031,545570c9-30d9-4f13-8217-e349b636df85
152,E07000130,Charnwood, ,458365,316155,-1.13694,52.7399,4681b93b-b903-4b5b-856a-0661b358fc1a,E07000130,Charnwood,UIN,Intermediate urban: Majority nearer to a major town or city,Urban,115474.270424,279042273.104355,115474.270424313,8256b6ea-fafd-4695-b52b-f5088fde8f21
153,E07000131,Harborough, ,474549,293875,-0.90229,52.5377,86bd597f-db8e-4310-a2ab-04a259b89838,E07000131,Harborough,RMN,Majority rural: Majority nearer to a major town or city,Rural,185950.639811,592692043.932869,185950.639810548,8977e75a-a15d-47d7-9c41-1eabb7d9d3da
154,E07000132,Hinckley and Bosworth, ,439538,301379,-1.41755,52.6088,a020e100-069a-42a6-b562-756b773c46a3,E07000132,Hinckley and Bosworth,RIN,Intermediate rural: Majority nearer to a major town or city,Rural,111545.991774,297351487.713196,111545.991773984,2ffbb5dc-6a30-4d59-a5d1-b5fec8686c4b
155,E07000133,Melton, ,477328,323472,-0.8544,52.8033,270571ef-b77f-48e6-ba96-93cbcb3313a3,E07000133,Melton,RIF,Intermediate rural: Majority further from a major town or city,Rural,140629.285237,481380509.624313,140629.285236827,ead18e1a-0285-4aca-9166-2ea0f83ef615
156,E07000134,North West Leicestershire, ,439111,316252,-1.42209,52.7425,0f9ba825-5938-4467-b0b1-bd997bc40b9b,E07000134,North West Leicestershire,RIN,Intermediate rural: Majority nearer to a major town or city,Rural,116453.025785,279328076.043144,116453.02578521,78cb67c5-2057-451c-b979-b6f1cfb02ceb
157,E07000135,Oadby and Wigston, ,461543,299379,-1.093,52.5887,e3f415bf-35ba-4356-95cc-7d720eaf35cd,E07000135,Oadby and Wigston,UUN,Urban: Majority nearer to a major town or city,Urban,31171.7329462,23526096.5257263,31171.7329461944,4af0b622-0933-44e9-902f-d2f33029d47f
158,E07000136,Boston, ,526851,343953,-0.11218,52.9779,62273a0a-8ce7-4f27-9dda-574df1282f29,E07000136,Boston,UIF,Intermediate urban: Majority further from a major town or city,Urban,114897.327718,397792713.88913,114897.327717806,39c5b76d-65b0-48d2-8cb5-3cd3bc10001c
159,E07000137,East Lindsey, ,534861,376064,0.020516,53.2645,4e18623e-0706-413b-b37b-47bb75c47321,E07000137,East Lindsey,RMF,Majority rural: Majority further from a major town or city,Rural,212616.465949,1830857237.36407,212616.465948909,da533635-2668-4dd8-b64e-5e5203a1ed8f
160,E07000138,Lincoln, ,496347,370096,-0.55848,53.2192,ee4be2c4-9b86-4409-9478-44f029adc13c,E07000138,Lincoln,UUN,Urban: Majority nearer to a major town or city,Urban,32969.7629878,35690274.4687347,32969.7629878016,e95e7689-1a69-45ed-977b-7c192e7e604d
161,E07000139,North Kesteven, ,502135,354788,-0.4767,53.0806,80b8570d-8a1f-4b83-9114-d718a654817c,E07000139,North Kesteven,RMN,Majority rural: Majority nearer to a major town or city,Rural,181807.630394,922471383.40538,181807.630394147,0d1e37f0-f352-4fb3-a997-af5a70d0f7f8
162,E07000140,South Holland, ,532910,322928,-0.03057,52.7876,78539f55-21df-4f7f-b725-59dddc72aad3,E07000140,South Holland,RMF,Majority rural: Majority further from a major town or city,Rural,193039.254675,815503697.254837,193039.254675271,7d60ccf6-15b4-4523-816f-7388f395e181
163,E07000141,South Kesteven, ,501406,328986,-0.49565,52.8489,04c53b26-82da-4d9d-84e9-583179202fc3,E07000141,South Kesteven,UIF,Intermediate urban: Majority further from a major town or city,Urban,209816.236294,942585798.373352,209816.236294167,98665c6a-dd34-4eca-96c8-0b0926e4214a
164,E07000142,West Lindsey, ,499314,390326,-0.50774,53.4004,d0df4985-9bdc-46ff-ae69-353435f2a65b,E07000142,West Lindsey,RMN,Majority rural: Majority nearer to a major town or city,Rural,247208.335727,1157652130.56277,247208.335727441,e2786d11-1550-4fbb-aa8c-4bf62476f979
165,E07000143,Breckland, ,591015,303330,0.818716,52.5942,e651ad43-20c9-445a-9874-811685582b3a,E07000143,Breckland,RIF,Intermediate rural: Majority further from a major town or city,Rural,239527.484425,1305116638.26204,239527.48442548,492c02a8-d6f1-4bdb-a6d1-c299a7957e3d
166,E07000144,Broadland, ,619864,315909,1.25232,52.6962,bbad13ae-c5ef-4308-b932-b4ab86411bdd,E07000144,Broadland,RMN,Majority rural: Majority nearer to a major town or city,Rural,202158.934397,553244222.980225,202158.934397239,80871798-035f-408e-964a-3ea2a02084bd
167,E07000145,Great Yarmouth, ,646761,315881,1.64951,52.6844,bd4c3618-2acf-45bf-9e67-37cc60039207,E07000145,Great Yarmouth,UIF,Intermediate urban: Majority further from a major town or city,Urban,85346.3145434,182555478.502533,85346.314543441,d9141272-94e2-4cfd-b20a-479501665893
168,E07000146,King's Lynn and West Norfolk, ,571219,315805,0.533243,52.7128,2bbc612e-8742-4592-bfac-82fc156ca54d,E07000146,King's Lynn and West Norfolk,RMF,Majority rural: Majority further from a major town or city,Rural,286985.650327,1526887103.86607,286985.650327194,27aadb5b-cfe2-479b-9f6a-0cd263898776
169,E07000147,North Norfolk, ,611076,330857,1.1321,52.8339,563c47ab-dcd3-4e21-b2af-eac38ad567c6,E07000147,North Norfolk,RMF,Majority rural: Majority further from a major town or city,Rural,234841.60538,990128155.486801,234841.605379974,86b6863f-8322-44a7-99dd-942010deb425
170,E07000148,Norwich, ,622355,309773,1.28498,52.6401,7a28cee0-fb8b-4193-a49f-148e229edec5,E07000148,Norwich,UUN,Urban: Majority nearer to a major town or city,Urban,91965.2740333,40554155.163147,91965.2740333198,a483ce8e-e200-462a-9f8a-4b278684b639
171,E07000149,South Norfolk, ,628990,295823,1.37323,52.5122,588d01d9-a9ce-4a16-8fad-7cdf0bf65e30,E07000149,South Norfolk,RMN,Majority rural: Majority nearer to a major town or city,Rural,231382.169713,908906503.902252,231382.169713164,4c27efae-4aa1-4c6c-9ff5-73499b6e3e50
172,E07000163,Craven, ,389513,461989,-2.16168,54.0538,4c7c5cf7-aa61-48f6-9c1a-1846c95032a1,E07000163,Craven,RMF,Majority rural: Majority further from a major town or city,Rural,199883.569852,1178807442.73689,199883.569852491,4a5e7fc9-0e5c-4303-b46f-4da11369df8c
173,E07000164,Hambleton, ,443009,490546,-1.34049,54.3087,8ea8e833-7767-4445-ada8-4b02fca44ec5,E07000164,Hambleton,RMN,Majority rural: Majority nearer to a major town or city,Rural,298549.71615,1311242676.26678,298549.716150029,5657102b-f02b-4baa-a3d4-fac219b7da01
174,E07000165,Harrogate, ,427473,464652,-1.58161,54.0771,ee68973c-f19f-4b0f-9908-6b3d6acf71af,E07000165,Harrogate,UIN,Intermediate urban: Majority nearer to a major town or city,Urban,246983.783504,1309117894.68939,246983.783503523,57c1c834-fac4-42d4-9e9b-9fce2eb51dc1
175,E07000166,Richmondshire, ,401039,495786,-1.98552,54.3576,1c884782-80c8-4129-8294-4bc9504a5ebc,E07000166,Richmondshire,RMN,Majority rural: Majority nearer to a major town or city,Rural,221695.052013,1318702675.0249,221695.052013126,bd2d1b19-1abb-4b9c-8e94-c759e4457ac5
176,E07000167,Ryedale, ,475590,478890,-0.84277,54.2002,77bda1b0-7b6e-495a-8081-374348f3dbbc,E07000167,Ryedale,RMF,Majority rural: Majority further from a major town or city,Rural,249873.201633,1506594092.82303,249873.201632968,5f02f5fd-a323-477d-82f6-307ac4cecc23
177,E07000168,Scarborough, ,495798,495548,-0.52778,54.3465,a4c67bb1-9633-4e91-9db2-e71104998068,E07000168,Scarborough,UIF,Intermediate urban: Majority further from a major town or city,Urban,272569.830573,825504993.507263,272569.830573446,1beb1e9d-06e1-4515-ba00-966822d26046
178,E07000169,Selby, ,457551,426670,-1.12908,53.7333,de48be8b-4cd0-4f71-ab29-ad86262f09df,E07000169,Selby,RMN,Majority rural: Majority nearer to a major town or city,Rural,171489.13982,602227967.881592,171489.139820289,575e610a-a34f-4ce6-9586-7cac8e818f7e
179,E07000170,Ashfield, ,450035,355843,-1.25422,53.0975,5016bfee-ae10-470e-b5d9-588d8b3d7a12,E07000170,Ashfield,UUN,Urban: Majority nearer to a major town or city,Urban,69174.7010837,109557941.222733,69174.7010836954,12f2e896-2938-4138-8364-2c1ce567e193
180,E07000171,Bassetlaw, ,468073,384835,-0.9787,53.356,9570e06c-52be-4f80-a509-f8ba35d4efa9,E07000171,Bassetlaw,RIN,Intermediate rural: Majority nearer to a major town or city,Rural,155040.076518,639492659.004105,155040.076518495,9dc28053-81e1-415a-bddb-c0b229c07276
181,E07000172,Broxtowe, ,449829,341893,-1.25944,52.9721,e1e145ef-10d4-4c31-b69c-2f8fbc40832f,E07000172,Broxtowe,UUN,Urban: Majority nearer to a major town or city,Urban,65999.6165049,80098842.6462555,65999.6165048591,1609922b-943d-41aa-b449-71a485146dae
182,E07000173,Gedling, ,459184,347811,-1.11907,53.0243,3c7a1b2a-b13e-4455-8afe-aabe7e861083,E07000173,Gedling,UUN,Urban: Majority nearer to a major town or city,Urban,69754.3805457,119981506.141388,69754.3805457455,1f16ee01-e3e9-4f82-a84e-ade37ebbf61b
183,E07000174,Mansfield, ,455047,363637,-1.17804,53.167,489d5186-cfff-4c7f-a3f3-2c4724b3bcee,E07000174,Mansfield,UUN,Urban: Majority nearer to a major town or city,Urban,51090.8148506,76696899.0271759,51090.8148505841,41c60c72-2914-4368-b818-5ce76b6d8988
184,E07000175,Newark and Sherwood, ,470624,357451,-0.94643,53.1096,f07742ba-0445-41aa-aec8-d306e06beb1a,E07000175,Newark and Sherwood,RIN,Intermediate rural: Majority nearer to a major town or city,Rural,179821.66985,651835337.344162,179821.669850318,5cd0cb42-587e-40d1-bf2f-94d773618a34
185,E07000176,Rushcliffe, ,466606,335453,-1.01097,52.9124,624714c3-3c9c-4278-9c76-27deeb979026,E07000176,Rushcliffe,RIN,Intermediate rural: Majority nearer to a major town or city,Rural,123324.204813,409231535.975937,123324.204812503,2821d5fe-7f09-4cad-a5b7-4f3f00c79136
186,E07000177,Cherwell, ,449301,221201,-1.28506,51.8872,568cbd77-58d2-48c9-8f82-c0c74004498e,E07000177,Cherwell,UIF,Intermediate urban: Majority further from a major town or city,Urban,225626.04039,588741166.442505,225626.040390185,3f5c7b29-d7eb-45cc-b965-4759a9bb0973
187,E07000178,Oxford, ,452277,206368,-1.24405,51.7536,bbf1c514-8244-43e1-9d3f-7614a2019a89,E07000178,Oxford,UUN,Urban: Majority nearer to a major town or city,Urban,34999.534855,45602916.3576279,34999.5348550061,cd4e9aeb-d133-4835-943e-1ebd3e52bf87
188,E07000179,South Oxfordshire, ,463890,191964,-1.07847,51.6229,dcc8f22d-6e81-4f52-b4b3-042e57015623,E07000179,South Oxfordshire,RMN,Majority rural: Majority nearer to a major town or city,Rural,205399.79638,678521424.508331,205399.796379623,9b015337-786d-4c30-90ce-4c05dba99740
189,E07000180,Vale of White Horse, ,435693,195197,-1.48543,51.6544,904a5763-c088-4656-8336-229b0ebf611f,E07000180,Vale of White Horse,RIN,Intermediate rural: Majority nearer to a major town or city,Rural,175976.842182,578660266.643173,175976.842181864,68bfa42a-a461-4fe2-ac8f-f8729d1b5134
190,E07000181,West Oxfordshire, ,434343,215816,-1.50292,51.8399,ea82c3c2-4ab7-4584-a1c8-18e251ddf27b,E07000181,West Oxfordshire,RMF,Majority rural: Majority further from a major town or city,Rural,160247.497018,714422027.377594,160247.497018012,6feabf35-15a4-44d0-9b70-a15095081718
191,E07000187,Mendip, ,362238,144090,-2.54178,51.1948,a9ecc4a3-827a-4f6c-852f-d0abdc7966c1,E07000187,Mendip,RMF,Majority rural: Majority further from a major town or city,Rural,198849.803773,739435425.721313,198849.803772948,cbe6cf7f-5c27-4868-baaa-a2d6fbc2cad9
192,E07000188,Sedgemoor, ,338429,143998,-2.88246,51.1919,61b05b8b-3728-4965-b2ce-c269a8ae2ab3,E07000188,Sedgemoor,RIN,Intermediate rural: Majority nearer to a major town or city,Rural,203177.690195,605947558.311714,203177.690194565,13b2ecfe-af0b-4a5a-9104-e315bd162c24
193,E07000189,South Somerset, ,345633,120798,-2.77588,50.984,a8201920-495b-4c82-8ede-3f05c605ecb7,E07000189,South Somerset,RMF,Majority rural: Majority further from a major town or city,Rural,240610.347971,959058126.78783,240610.347971323,55f593ac-a440-4386-9204-5a4ce5a46638
194,E07000192,Cannock Chase, ,401261,311553,-1.98277,52.7017,95607b7d-11d9-43c3-8dad-9d8c6e41023c,E07000192,Cannock Chase,UUN,Urban: Majority nearer to a major town or city,Urban,50127.5676827,78882571.1931686,50127.5676827054,ef3844a3-2d5b-450f-a664-9a849fa8457d
195,E07000193,East Staffordshire, ,412601,326569,-1.81438,52.8365,5013c871-58df-4a57-9a7d-b8807f0b8a9c,E07000193,East Staffordshire,UIN,Intermediate urban: Majority nearer to a major town or city,Urban,183696.080172,389987162.339035,183696.080171671,78ac58b2-b9b3-42c9-bc4c-950f248804af
196,E07000194,Lichfield, ,416283,310967,-1.76049,52.6962,d5f13a57-8049-44e8-a94d-067ee33876d3,E07000194,Lichfield,UIN,Intermediate urban: Majority nearer to a major town or city,Urban,127468.123665,331294331.289627,127468.123665333,db339664-486f-4954-924b-3633ce5e978b
197,E07000195,Newcastle-under-Lyme, ,378199,345174,-2.32631,53.0034,353c1ea1-51dc-44c1-93a9-873279dd91d0,E07000195,Newcastle-under-Lyme,UUN,Urban: Majority nearer to a major town or city,Urban,108258.877906,210957320.579865,108258.877906413,a7ddaea4-3b96-4b1f-9ebf-ee653187e3dd
198,E07000196,South Staffordshire, ,389625,311037,-2.15495,52.6969,1716f0e8-f4d8-49fe-a71a-6ad8ae8828ed,E07000196,South Staffordshire,RIN,Intermediate rural: Majority nearer to a major town or city,Rural,184894.034989,407322253.063957,184894.034988598,96f79211-6c9c-4734-aca1-3943db5d9936
199,E07000197,Stafford, ,389001,327836,-2.16475,52.8479,189f9ddf-e146-48f1-a894-4ba27cdba547,E07000197,Stafford,UIN,Intermediate urban: Majority nearer to a major town or city,Urban,159078.504004,598172232.706764,159078.504004003,cee39380-5197-46fb-880c-400fbf64d93b
200,E07000198,Staffordshire Moorlands, ,400543,352443,-1.99334,53.0692,0ed82889-a78f-4242-b5fa-b54d3b7fc144,E07000198,Staffordshire Moorlands,UIN,Intermediate urban: Majority nearer to a major town or city,Urban,152448.00573,575849820.397621,152448.005729777,e7e526ed-d901-417d-9716-a8d4eb008e0c
201,E07000199,Tamworth, ,421455,302550,-1.68451,52.6203,39578e6b-61b4-4b93-bc9f-723f6494f0ad,E07000199,Tamworth,UUN,Urban: Majority nearer to a major town or city,Urban,30729.9145728,30850718.76548,30729.9145727779,41de5d2e-4548-4fc5-acc6-ea2c7d5bbe6a
202,E07000200,Babergh, ,599987,244692,0.916149,52.0645,50e461f8-90a4-4ff5-b782-66db4edb4b77,E07000200,Babergh,RMN,Majority rural: Majority nearer to a major town or city,Rural,171556.763799,611604119.529846,171556.763798933,a43b446c-a909-4142-a11e-42f8dba85cff
203,E07000202,Ipswich, ,617161,244456,1.16614,52.0559,2671aa16-af00-43df-b74c-56f306fa18a1,E07000202,Ipswich,UUN,Urban: Majority nearer to a major town or city,Urban,36991.9265853,40300127.5365753,36991.9265853227,044b8b0f-bc12-43d4-a3db-7d3f2890e5f5
204,E07000203,Mid Suffolk, ,611646,262338,1.09695,52.2186,96ab6581-6755-434f-a288-58854b542a77,E07000203,Mid Suffolk,RMN,Majority rural: Majority nearer to a major town or city,Rural,191154.578858,871070646.005127,191154.578858461,c028181d-cdab-45ba-b5ee-b40d7e08b9d9
205,E07000207,Elmbridge, ,511882,163658,-0.39441,51.361,56116e87-68b8-4270-ad42-248e4459a21c,E07000207,Elmbridge,UUN,Urban: Majority nearer to a major town or city,Urban,52205.9992807,96334274.6957779,52205.9992807471,c675d890-29b7-4aed-a0f1-1ef50cfdd454
206,E07000208,Epsom and Ewell, ,521176,161475,-0.26172,51.3395,c35653cc-4eed-4c95-a4a4-367f9348284b,E07000208,Epsom and Ewell,UUN,Urban: Majority nearer to a major town or city,Urban,28503.6676332,34079152.8424225,28503.6676331565,fdbc3ac0-51a4-44a3-a379-81b0783bcb3f
207,E07000209,Guildford, ,500408,151481,-0.56257,51.2537,302d7936-4295-4c63-a1e3-f5650abfc10e,E07000209,Guildford,UUN,Urban: Majority nearer to a major town or city,Urban,128414.098856,270931187.386871,128414.098855641,8c21ae24-5981-4bc6-b2fa-f5b7e83c872b
208,E07000210,Mole Valley, ,518377,148953,-0.30603,51.2275,48e9d2b4-13de-42f7-a874-87fc7e1d9163,E07000210,Mole Valley,UIN,Intermediate urban: Majority nearer to a major town or city,Urban,105402.687787,258320952.516853,105402.687786554,8733b2df-b33f-4ac3-a6f9-a57f348470ee
209,E07000211,Reigate and Banstead, ,525786,152574,-0.19871,51.2585,845ebc01-73ad-4298-819f-7177c09d680d,E07000211,Reigate and Banstead,UUN,Urban: Majority nearer to a major town or city,Urban,79923.5079804,129143924.297302,79923.5079804309,21c1e615-b3cb-4e18-9451-74d61cbc9151
210,E07000212,Runnymede, ,501777,166979,-0.53855,51.3927,40830b8e-4592-4864-92b2-65132fbb5f29,E07000212,Runnymede,UUN,Urban: Majority nearer to a major town or city,Urban,45677.2898593,78040686.6892395,45677.2898592863,245a8683-4748-4bb9-92fd-ccad242aca8e
211,E07000213,Spelthorne, ,507012,169622,-0.46254,51.4155,89799f45-be22-4e71-b688-87c21e84042b,E07000213,Spelthorne,UUN,Urban: Majority nearer to a major town or city,Urban,44134.4491837,51161362.6650543,44134.4491837053,48b4c7e4-9263-4540-a8cf-5a37447c6430
212,E07000214,Surrey Heath, ,491362,160483,-0.68986,51.3361,6d40445b-1df0-4c63-a4dc-0e7df937d5e7,E07000214,Surrey Heath,UUN,Urban: Majority nearer to a major town or city,Urban,53559.6224962,95092959.2543106,53559.6224961712,a1a0fa9a-1fc9-46b0-aa91-a394366969b2
213,E07000215,Tandridge, ,536365,150325,-0.04805,51.2358,009a628a-7788-410c-aa98-cdd1469bd969,E07000215,Tandridge,UIN,Intermediate urban: Majority nearer to a major town or city,Urban,83136.7824738,248194569.761368,83136.7824737629,6a092f48-d17e-426e-aa43-d565ad64c633
214,E07000216,Waverley, ,496363,140635,-0.62343,51.1569,4151e46d-1a7d-4dc6-8302-0d6438f690a2,E07000216,Waverley,UUN,Urban: Majority nearer to a major town or city,Urban,125435.762712,345170238.030434,125435.762711867,d225c312-ddaa-4cf8-ac89-9608379f0fe6
215,E07000217,Woking, ,499087,157542,-0.57982,51.3084,d3ad0527-62cf-4f73-bc01-99818cda399b,E07000217,Woking,UUN,Urban: Majority nearer to a major town or city,Urban,54781.3272127,63603603.4637833,54781.3272127086,51dea1c7-648b-4d46-9af2-5265bca65824
216,E07000218,North Warwickshire, ,425570,296399,-1.6242,52.5648,318918a3-4d0b-48f9-bcf0-8fd61ff9e252,E07000218,North Warwickshire,RMN,Majority rural: Majority nearer to a major town or city,Rural,113230.423181,284261502.74437,113230.423180909,91c2cfc1-854b-457d-a4f1-5404b5f1f06c
217,E07000219,Nuneaton and Bedworth, ,435419,289352,-1.47965,52.5009,33f9ca92-c04b-46af-a507-25f9a3161594,E07000219,Nuneaton and Bedworth,UUN,Urban: Majority nearer to a major town or city,Urban,48148.5849617,78950291.6424179,48148.584961725,7408768b-06bc-40eb-9dac-1e225551afc1
218,E07000220,Rugby, ,446498,276244,-1.31828,52.3823,bb6ce31a-0464-4b3a-bab5-817a526bbf82,E07000220,Rugby,UIN,Intermediate urban: Majority nearer to a major town or city,Urban,115093.419607,353557288.510536,115093.419606898,79bef6e5-9fc4-4b76-bbbb-892e81be97d6
219,E07000221,Stratford-on-Avon, ,425019,251536,-1.63565,52.1615,c4452e59-be92-4d1b-a4c6-6bf98674ff4a,E07000221,Stratford-on-Avon,RMN,Majority rural: Majority nearer to a major town or city,Rural,261383.673617,977869055.570435,261383.673616721,8c0142f1-dbb6-43ef-a185-7f2ccbefac55
220,E07000222,Warwick, ,428484,267113,-1.58369,52.3014,747da8e1-bb3f-44c7-9d26-52386db6244f,E07000222,Warwick,UUN,Urban: Majority nearer to a major town or city,Urban,116717.127235,282882319.745018,116717.12723474,7798b8e8-0226-41c0-9672-b74612674ce9
221,E07000223,Adur, ,518076,106472,-0.32417,50.8457,f9f03086-8953-4ac9-aebf-546c943b0ba9,E07000223,Adur,UUN,Urban: Majority nearer to a major town or city,Urban,35424.5155697,43647942.7573929,35424.5155697246,bc622843-a80b-4445-b715-18a3bcca6ad0
222,E07000224,Arun, ,495144,105723,-0.64999,50.8432,d55d3a01-4e21-4bb0-beb0-0ec972e2caf9,E07000224,Arun,UUN,Urban: Majority nearer to a major town or city,Urban,115968.411781,224703270.517696,115968.411781208,ac773d44-6948-4251-9dc7-1f107e738943
223,E07000225,Chichester, ,490285,116600,-0.7163,50.9418,c095ced3-f676-4e81-a825-136a402b523e,E07000225,Chichester,RMN,Majority rural: Majority nearer to a major town or city,Rural,170434.453514,812415103.928883,170434.453514255,9770632c-e816-46d8-8cda-535181c47adb
224,E07000226,Crawley, ,526390,137581,-0.19533,51.1236,bb92bcfb-702c-4cec-8956-208e99a878e0,E07000226,Crawley,UUN,Urban: Majority nearer to a major town or city,Urban,38799.4149296,44971203.1522369,38799.4149296304,8457a7b0-5525-4abe-82ff-dddbd888410c
225,E07000227,Horsham, ,513674,123840,-0.38126,51.0027,45037b65-dfdc-4d47-a2e4-098dd1e6db10,E07000227,Horsham,RMN,Majority rural: Majority nearer to a major town or city,Rural,157501.046501,530962113.683117,157501.046501483,8e8f833f-daf0-4387-b3da-c14ce31de1a7
226,E07000228,Mid Sussex, ,533054,130623,-0.10272,51.0595,9cb2e4a9-d370-42a2-b5b0-30cc650afc56,E07000228,Mid Sussex,UUN,Urban: Majority nearer to a major town or city,Urban,132912.176488,334029226.734478,132912.176488487,e4695118-b5c5-404a-a406-952b21f2bc66
227,E07000229,Worthing, ,512679,104948,-0.40127,50.8331,be006497-5072-49a0-b1ec-776e2b04f424,E07000229,Worthing,UUN,Urban: Majority nearer to a major town or city,Urban,29098.0476542,33783057.3671036,29098.0476541549,7cc81655-966e-4b45-94d1-4bbd83162984
228,E07000234,Bromsgrove, ,399840,273736,-2.00376,52.3617,ce0b2f69-69db-4717-9d3c-829562036927,E07000234,Bromsgrove,UIN,Intermediate urban: Majority nearer to a major town or city,Urban,113135.305965,216968481.006905,113135.305965417,bbf1456e-559e-46c7-9e77-509200fca3a4
229,E07000235,Malvern Hills, ,377465,252197,-2.33089,52.1676,c8f7b443-604c-48ce-8a7c-4ec13c2ac900,E07000235,Malvern Hills,RMN,Majority rural: Majority nearer to a major town or city,Rural,230605.355252,577070979.601952,230605.355251964,d48c58e2-1e7e-4c63-aecc-3f26624e82c6
230,E07000236,Redditch, ,403705,265253,-1.9471,52.2854,3f903fcd-8e3a-4e38-9e5c-c13d1148fc34,E07000236,Redditch,UUN,Urban: Majority nearer to a major town or city,Urban,41301.7560073,54250911.9179382,41301.7560073474,d55c8f70-c532-4ba6-956c-75017d39b0a9
231,E07000237,Worcester, ,385725,255196,-2.21025,52.1948,77106f7b-858c-4fde-8c57-208d58ca7c5f,E07000237,Worcester,UUN,Urban: Majority nearer to a major town or city,Urban,31263.0662758,33278125.0236053,31263.0662757778,f53a452a-0dbf-4153-a522-101c55c516b8
232,E07000238,Wychavon, ,398991,247839,-2.01614,52.1289,a698dcbb-03de-456d-8c57-feb82c5ec6fb,E07000238,Wychavon,RMN,Majority rural: Majority nearer to a major town or city,Rural,219519.701324,663541973.452621,219519.701324355,22eaae21-74f2-43ca-b7a7-ca8f97c96636
233,E07000239,Wyre Forest, ,384106,276388,-2.23494,52.3853,0253602b-1a5e-442d-ad41-6b14df405505,E07000239,Wyre Forest,UIN,Intermediate urban: Majority nearer to a major town or city,Urban,100867.075356,195403721.028099,100867.075355581,1fc7f751-0c51-4386-b79d-5ca572da35d1
234,E07000240,St Albans, ,514580,209623,-0.3407,51.7736,913b620e-98d4-4045-9c5f-cc13f34d7980,E07000240,St Albans,UUN,Urban: Majority nearer to a major town or city,Urban,72946.2848059,161205874.244164,72946.2848058614,f1f2a233-cefe-4689-9c0c-a6c57f6ed98a
235,E07000241,Welwyn Hatfield, ,525345,208467,-0.18518,51.7609,05148dd6-89c3-41aa-9736-12b2d3a3d374,E07000241,Welwyn Hatfield,UUN,Urban: Majority nearer to a major town or city,Urban,82391.9829968,129536896.518295,82391.9829968341,836179ec-0133-463a-88d2-6f723e922619
236,E07000242,East Hertfordshire, ,537995,220370,0.002739,51.8648,244d27ea-baf1-41d8-a701-8422a42637df,E07000242,East Hertfordshire,UIN,Intermediate urban: Majority nearer to a major town or city,Urban,135188.178396,475669102.36454,135188.178395544,e3af5642-e90c-4541-8357-3df264d47140
237,E07000243,Stevenage, ,524622,224531,-0.18987,51.9054,269dc51a-c3c9-48a8-8c13-e45d5720231f,E07000243,Stevenage,UUN,Urban: Majority nearer to a major town or city,Urban,28588.2613576,25969241.2793503,28588.26135758,62efc16b-1689-40d3-af81-85206d33f7b5
238,E07000244,East Suffolk, ,636043,266272,1.45619,52.244,12679838-2238-45df-914c-81563e456625,E07000244,East Suffolk,RIF,Intermediate rural: Majority further from a major town or city,Rural,246228.185769,1294807182.34705,246228.185769055,3c394388-48d5-4919-bd03-e8d20bbb5c21
239,E07000245,West Suffolk, ,580944,271124,0.652769,52.3084,8db71059-8c7a-4e85-97fb-b41cb4ae46f4,E07000245,West Suffolk,RIF,Intermediate rural: Majority further from a major town or city,Rural,274547.455564,1034675782.90302,274547.455563971,290fa038-5d3f-4d64-b444-108b7be313bd
240,E07000246,Somerset West and Taunton, ,304960,130228,-3.35766,51.0635,059322bd-953a-4fcd-a9c9-4f0891945739,E07000246,Somerset West and Taunton,RIF,Intermediate rural: Majority further from a major town or city,Rural,279283.99954,1210542987.33888,279283.999539884,150eba60-8b77-4301-985e-5cc4f62c8478
241,E08000001,Bolton, ,368352,409873,-2.47952,53.5845,5239f3bb-e751-450e-adbf-caac0cbad290,E08000001,Bolton,UUN,Urban: Majority nearer to a major town or city,Urban,82647.1577313,139792042.627411,82647.1577312719,fe2a2862-ccfa-41e8-b175-12d0049e09f7
242,E08000002,Bury, ,379658,410768,-2.3088,53.5931,2c3f3f9c-d50d-41d2-96db-e2ff02784f40,E08000002,Bury,UUN,Urban: Majority nearer to a major town or city,Urban,68541.6884111,99460126.8785248,68541.6884111014,fac5457c-493d-4e7d-b3e2-d5040e21f35b
243,E08000003,Manchester, ,384591,397063,-2.23359,53.4701,6e6abf3f-808f-45a1-bcf6-9dbd2668cd31,E08000003,Manchester,UUN,Urban: Majority nearer to a major town or city,Urban,86856.3996573,115648368.019409,86856.3996573041,9c65f89b-d856-44ec-8ddd-211207b8d9fc
244,E08000004,Oldham, ,396603,406784,-2.05274,53.5577,1a46e3a4-3006-4b0b-b026-4af8f6646d36,E08000004,Oldham,UUN,Urban: Majority nearer to a major town or city,Urban,71165.7204608,142344917.444534,71165.7204608287,ea4552a1-54b4-48c2-ba8a-2fd0bd90963e
245,E08000005,Rochdale, ,390315,412326,-2.14784,53.6074,fde5e7e8-6041-4793-9038-25194284fa82,E08000005,Rochdale,UUN,Urban: Majority nearer to a major town or city,Urban,82713.1445559,158128175.388794,82713.1445559286,0cfb4508-359c-4e45-b12f-d590b6a774f8
246,E08000006,Salford, ,374556,398128,-2.38485,53.4793,cf6bfdff-c62d-4a45-95df-b8f932171314,E08000006,Salford,UUN,Urban: Majority nearer to a major town or city,Urban,63268.7415921,97197278.4969788,63268.7415921378,0ee64ed5-ba7a-4123-a43b-63a17ee23674
247,E08000007,Stockport, ,391806,388264,-2.12467,53.3912,3944ca22-60f0-4236-ba82-33a24910aacf,E08000007,Stockport,UUN,Urban: Majority nearer to a major town or city,Urban,73638.5557809,126040311.275833,73638.5557808955,afffb263-fbcb-46fc-9f63-0bf2a8648bcd
248,E08000008,Tameside, ,394987,397995,-2.077,53.4787,2de397a7-dd1f-411a-ba31-14f8cceeaa88,E08000008,Tameside,UUN,Urban: Majority nearer to a major town or city,Urban,55988.9762214,103154292.986191,55988.9762213639,369dbfce-a9f5-476c-ab17-26f0eb1bacd9
249,E08000009,Trafford, ,375790,391162,-2.36572,53.4167,73d51831-f6d1-48fc-8b64-479de9ac3ed4,E08000009,Trafford,UUN,Urban: Majority nearer to a major town or city,Urban,60718.0872124,106044612.389526,60718.087212357,0ff1fad6-c3bc-4ffc-a50a-ab8585c06c64
250,E08000010,Wigan, ,362136,402126,-2.57247,53.5145,1cdc5b10-ac1e-4422-80fb-a8e9161af096,E08000010,Wigan,UUN,Urban: Majority nearer to a major town or city,Urban,88690.3858143,188171012.467972,88690.3858142559,9769560a-4ad0-48e6-b410-93d4ba6aba1e
251,E08000011,Knowsley, ,344762,393778,-2.83297,53.4379,4fcf3d9a-60dd-440e-9ff8-0527178acf3c,E08000011,Knowsley,UUN,Urban: Majority nearer to a major town or city,Urban,68167.3691637,86500060.7558289,68167.3691636951,472f5d4e-0c5e-404b-9d89-84c8d64f5b93
252,E08000012,Liverpool, ,339361,390553,-2.91364,53.4083,4aaf6359-7209-4524-83c7-4b579636ba1e,E08000012,Liverpool,UUN,Urban: Majority nearer to a major town or city,Urban,67269.5855043,133533741.001945,67269.5855042645,53c6e668-8a1e-479e-ab6e-e419b3cfa5d9
253,E08000013,St. Helens, ,353412,395992,-2.7031,53.4586,3defefaf-3de7-4b5b-b801-0d31449634e6,E08000013,St. Helens,UUN,Urban: Majority nearer to a major town or city,Urban,76386.8895899,136358793.482689,76386.889589881,9ab7eac2-7880-46fe-8e0b-c63dede70fa9
254,E08000014,Sefton, ,334282,398832,-2.99177,53.4821,25c92a0b-446a-47c4-b999-ccadd53b21a3,E08000014,Sefton,UUN,Urban: Majority nearer to a major town or city,Urban,115708.470322,202462431.883911,115708.470322195,2bb19ee4-5227-4cfe-96dd-7baa44218734
255,E08000015,Wirral, ,329110,386965,-3.06701,53.3748,deb20db0-afee-44bc-bc87-ecfb61280000,E08000015,Wirral,UUN,Urban: Majority nearer to a major town or city,Urban,84353.7116377,253443646.604568,84353.7116377401,4ae25065-fed2-4705-93ad-a2c5ed8f17ac
256,E08000016,Barnsley, ,429979,403327,-1.54925,53.5258,4e0cd175-2c97-43bc-a4c4-bf9399553130,E08000016,Barnsley,UUN,Urban: Majority nearer to a major town or city,Urban,126421.141156,329077594.50322,126421.141156487,af05b786-ede7-4947-8359-938ded3c26e1
257,E08000017,Doncaster, ,459167,403735,-1.10894,53.527,24fa39ac-757e-4066-b133-d5557acc60cb,E08000017,Doncaster,UUN,Urban: Majority nearer to a major town or city,Urban,135204.052018,568535433.457001,135204.052018131,24cbbc28-3f74-474e-9bfa-5eb3e329fd4b
258,E08000018,Rotherham, ,447542,388980,-1.28651,53.3955,8b22a110-a21b-4516-b83c-d179f25abc3f,E08000018,Rotherham,UUN,Urban: Majority nearer to a major town or city,Urban,106151.903844,286534366.876373,106151.90384443,b9cec9be-baba-4cce-9ed4-3fa4e0e1f4d5
259,E08000019,Sheffield, ,430511,389736,-1.54254,53.4036,f0b28333-9406-4332-a12f-a5fc4772eba2,E08000019,Sheffield,UUN,Urban: Majority nearer to a major town or city,Urban,132837.06623,367930013.45134,132837.066229986,01172dd2-f765-49d6-a677-f8ed01cb3106
260,E08000021,Newcastle upon Tyne, ,422287,569661,-1.65297,55.021,6a3fd07e-a04c-4d77-9043-54cca9d1e974,E08000021,Newcastle upon Tyne,UUN,Urban: Majority nearer to a major town or city,Urban,61708.8033184,115104023.816299,61708.8033184302,4d66d7aa-7bdd-44c8-b3e4-be119e20dd00
261,E08000022,North Tyneside, ,431471,570602,-1.50923,55.029,891aab3d-87f2-4b07-9edc-1d0d91678373,E08000022,North Tyneside,UUN,Urban: Majority nearer to a major town or city,Urban,65368.0572933,84821095.2373505,65368.0572933193,b4fe861a-eb5f-4407-943f-f4ad99c6d287
262,E08000023,South Tyneside, ,435514,564057,-1.44679,54.9699,f39cbba6-b6f2-4f55-af1b-1bb40aba1562,E08000023,South Tyneside,UUN,Urban: Majority nearer to a major town or city,Urban,47104.1988578,67074164.6554413,47104.1988578222,e8663a24-0958-47e7-965e-42e3c99fc0d9
263,E08000024,Sunderland, ,436470,551524,-1.43344,54.8572,ecbc9bc6-3045-435f-ad1d-2252fc60ec64,E08000024,Sunderland,UUN,Urban: Majority nearer to a major town or city,Urban,70240.9749355,139617953.697693,70240.974935492,4a9240fa-647c-4ea2-a908-9e0c79c6fa43
264,E08000025,Birmingham, ,408150,287352,-1.88141,52.484,65153107-0bd5-4708-a92d-a776e0f15267,E08000025,Birmingham,UUN,Urban: Majority nearer to a major town or city,Urban,106260.619498,267791058.796555,106260.619497994,8f498987-ea2c-48e3-8bec-4d687a8c4296
265,E08000026,Coventry, ,432807,279689,-1.51908,52.4142,8008a54d-f0c5-478d-9aee-cae589ef31c6,E08000026,Coventry,UUN,Urban: Majority nearer to a major town or city,Urban,54057.1910588,98639060.6567917,54057.1910587663,f3db69ad-59d1-44d9-b5e4-4e5fdf04abc3
266,E08000027,Dudley, ,393191,288584,-2.10171,52.4951,239c94bf-572c-4727-8dfd-4a3a8a86dfbb,E08000027,Dudley,UUN,Urban: Majority nearer to a major town or city,Urban,75382.2802756,97958243.3384705,75382.2802756356,296c7a8c-1dbc-4b68-9499-20077f977d59
267,E08000028,Sandwell, ,399573,290764,-2.00771,52.5148,d04cced8-dcd8-4dbd-83df-deb94553486e,E08000028,Sandwell,UUN,Urban: Majority nearer to a major town or city,Urban,59211.001131,85558927.9012833,59211.0011310169,b8dbdc1e-b05d-4ec3-b226-30ed0595e5eb
268,E08000029,Solihull, ,419434,281483,-1.71558,52.431,9127ca25-da62-4bb2-8df2-f9fe42f0c2cb,E08000029,Solihull,UUN,Urban: Majority nearer to a major town or city,Urban,101031.275128,178282117.055634,101031.275128473,0790ceb2-750b-47ba-ba05-ad7e8a8a1bcf
269,E08000030,Walsall, ,402098,300804,-1.97044,52.605,58176699-ea7a-4a75-8f31-0fa2b5b25d65,E08000030,Walsall,UUN,Urban: Majority nearer to a major town or city,Urban,59401.1794286,103973538.34642,59401.1794285967,4c589328-19af-448d-ada3-cb33537d4022
270,E08000031,Wolverhampton, ,391463,300016,-2.12746,52.5979,8144725b-7390-449f-a312-2d238de67320,E08000031,Wolverhampton,UUN,Urban: Majority nearer to a major town or city,Urban,56054.7886611,69436709.4773865,56054.7886611397,c8ec3339-0324-409b-baf4-3ea92e771de2
271,E08000032,Bradford, ,408395,438626,-1.87389,53.8438,2cccf159-f57f-4c5a-9a69-bbbefa0cf79e,E08000032,Bradford,UUN,Urban: Majority nearer to a major town or city,Urban,135920.365237,366419745.437027,135920.365236872,212bdee0-7fe5-4bfd-ba56-184826eaa8ee
272,E08000033,Calderdale, ,402617,424896,-1.96182,53.7205,ec1d2977-2c5c-4e6d-8542-a2f434fd01bf,E08000033,Calderdale,UUN,Urban: Majority nearer to a major town or city,Urban,107687.187294,363960992.684967,107687.187293662,a0c464dd-85d4-4a35-960c-e19b81fe0a27
273,E08000034,Kirklees, ,414586,416223,-1.78085,53.6423,85d41778-588f-47dc-9359-295add16d399,E08000034,Kirklees,UUN,Urban: Majority nearer to a major town or city,Urban,125668.27777,408551660.797684,125668.277769938,3f16bb53-3bf3-481b-86ad-fdbbec30c581
274,E08000035,Leeds, ,432528,436384,-1.50736,53.8227,41143eda-7721-410a-88fb-8a7468c73938,E08000035,Leeds,UUN,Urban: Majority nearer to a major town or city,Urban,161521.735517,551706535.832367,161521.735517059,29ff22cc-aa20-4e27-9144-c2fe15088f9b
275,E08000036,Wakefield, ,438366,418235,-1.42092,53.6592,0948b97e-2183-4412-9e5f-0e62a19ed106,E08000036,Wakefield,UUN,Urban: Majority nearer to a major town or city,Urban,109447.286379,338619733.848053,109447.28637914,5b7fcb08-fe26-4844-a002-d30dfc0000aa
276,E08000037,Gateshead, ,420159,559652,-1.68694,54.9311,2853a5e1-2768-4ef2-9d93-2ec8cd483dcf,E08000037,Gateshead,UUN,Urban: Majority nearer to a major town or city,Urban,79875.1044397,144070773.61647,79875.1044397347,56c58120-7559-40b1-8582-e4b6d36308c8
277,E09000001,City of London, ,532382,181358,-0.09351,51.5156,bd79a89e-69e3-440b-9c72-ac6d20f66e14,E09000001,City of London,UUN,Urban: Majority nearer to a major town or city,Urban,9644.0563157,3146884.21813965,9644.05631570376,b92689f3-287c-4c82-9d0c-02ba60150b60
278,E09000002,Barking and Dagenham, ,547757,185111,0.129479,51.5456,bb917faf-ca10-46cc-bdbf-078b0de4f137,E09000002,Barking and Dagenham,UUN,Urban: Majority nearer to a major town or city,Urban,37093.0549787,37781838.6038513,37093.0549786702,cc43299b-cdc8-46e6-822c-6d9d3b8cd6ea
279,E09000003,Barnet, ,523473,191752,-0.21819,51.6111,e9e51b0d-01f3-45f8-9b36-085c3994e807,E09000003,Barnet,UUN,Urban: Majority nearer to a major town or city,Urban,50937.7781771,86766703.2361679,50937.7781770676,daa946fc-ec49-4913-923f-b3ebbd40ebde
280,E09000004,Bexley, ,549202,175434,0.146212,51.4582,6a5df494-5a1b-49b6-83d2-3049dc043064,E09000004,Bexley,UUN,Urban: Majority nearer to a major town or city,Urban,43462.1033231,64315719.8523483,43462.1033230561,63b10a65-6e03-40d5-960e-9de533778daf
281,E09000005,Brent, ,519615,186465,-0.27568,51.5644,51b06841-6b14-404a-9ebe-2c1a27ec9cd5,E09000005,Brent,UUN,Urban: Majority nearer to a major town or city,Urban,38441.4621103,43236364.5000534,38441.4621103204,9924abf1-bc13-412f-9e13-c77a46867362
282,E09000006,Bromley, ,542036,165707,0.039246,51.3727,6ad8c7c7-049e-42c6-8a20-acb8395f49dd,E09000006,Bromley,UUN,Urban: Majority nearer to a major town or city,Urban,76225.7196548,150132482.603828,76225.7196547584,27727553-71c0-4d85-a291-d00d415bb39c
283,E09000007,Camden, ,527491,184283,-0.16291,51.543,66058a02-3f07-4fa0-a408-b2c4f7507ff5,E09000007,Camden,UUN,Urban: Majority nearer to a major town or city,Urban,26245.7391816,21778579.6558762,26245.739181562,328b3f76-9f9e-4250-9e39-3022d59312cd
284,E09000008,Croydon, ,533922,164744,-0.07761,51.366,d4c5cfef-8566-4836-a3c0-eea116f2875b,E09000008,Croydon,UUN,Urban: Majority nearer to a major town or city,Urban,58721.195772,86488720.6604156,58721.1957720399,91b8b356-2b81-46a0-9db3-80c4852ce7b6
285,E09000009,Ealing, ,517055,181959,-0.3141,51.5244,fc4a5be9-ca2f-4698-8c4a-9f90715eb259,E09000009,Ealing,UUN,Urban: Majority nearer to a major town or city,Urban,47461.4174836,55542068.9728394,47461.4174836169,d3c72d07-5b18-4be8-bcf7-c0d34b83469e
286,E09000010,Enfield, ,532831,196198,-0.08144,51.6489,da74cf32-dc8f-4a8a-81a9-399f91488139,E09000010,Enfield,UUN,Urban: Majority nearer to a major town or city,Urban,41091.4717649,82190329.698349,41091.4717649012,6bbe031b-df19-48ec-ab58-014c8dad0894
287,E09000011,Greenwich, ,542507,175878,0.050093,51.4639,a5bef171-0fec-404e-8ec5-1b087a40ba3a,E09000011,Greenwich,UUN,Urban: Majority nearer to a major town or city,Urban,45549.8979434,50446926.0535736,45549.8979434315,adbf93a0-f8e5-4193-9772-7c0313b87a2b
288,E09000012,Hackney, ,534560,185787,-0.06045,51.5549,b8f1fd01-9f31-4680-b925-b5e648308e1b,E09000012,Hackney,UUN,Urban: Majority nearer to a major town or city,Urban,25441.8544431,19043878.1759109,25441.8544430665,202ce01b-1813-41b2-a60d-cc4602efad1a
289,E09000013,Hammersmith and Fulham, ,523867,177993,-0.21735,51.4873,704eea7b-db45-4bbd-905a-441b64570799,E09000013,Hammersmith and Fulham,UUN,Urban: Majority nearer to a major town or city,Urban,23984.498762,17159504.3255844,23984.4987620376,66146d7c-ef58-45fd-81ec-ac0a10ddb02a
290,E09000014,Haringey, ,531260,189349,-0.1067,51.5877,80dca17d-f5ed-451b-b187-3a59a6afddb5,E09000014,Haringey,UUN,Urban: Majority nearer to a major town or city,Urban,29085.5089573,29606188.7568893,29085.5089573246,9aaf52e9-1cad-445c-a8bc-9185ffad1590
291,E09000015,Harrow, ,515359,189736,-0.33598,51.5947,4a031e49-cff6-4314-80e7-6de535c4a30c,E09000015,Harrow,UUN,Urban: Majority nearer to a major town or city,Urban,33811.7912859,50464270.3934402,33811.7912858702,be89b320-182a-4774-a1f1-1a133cb529b5
292,E09000016,Havering, ,555032,187514,0.235368,51.5652,8308bc48-e55f-4794-8451-525d7ed54083,E09000016,Havering,UUN,Urban: Majority nearer to a major town or city,Urban,63935.2921485,114456937.668068,63935.2921485319,e995bfb4-40ab-40b8-ac1a-6f0d1fb536db
293,E09000017,Hillingdon, ,508166,183121,-0.44182,51.5366,11bd44a4-9516-4211-bd4d-cd25db01dfd8,E09000017,Hillingdon,UUN,Urban: Majority nearer to a major town or city,Urban,63941.0212862,115704359.838921,63941.0212862206,e822479a-aa8e-4f6e-9604-1a61eee08b69
294,E09000018,Hounslow, ,512737,174959,-0.37855,51.4624,d9e0a092-aef8-4426-adcc-14d337bb388a,E09000018,Hounslow,UUN,Urban: Majority nearer to a major town or city,Urban,57752.4554934,56589779.6816483,57752.4554934464,436bbb10-40d9-4140-8622-37137a12b530
295,E09000019,Islington, ,531160,184645,-0.10989,51.5455,cbb0272c-f1da-407e-a04e-5bd95e151e37,E09000019,Islington,UUN,Urban: Majority nearer to a major town or city,Urban,20747.7400804,14858041.7195892,20747.740080408,1c80b296-bbe9-4e1b-8c66-f6a424167a17
296,E09000020,Kensington and Chelsea, ,525756,179058,-0.18977,51.4965,aae52855-1244-4ac0-8d38-a310db0a8b0f,E09000020,Kensington and Chelsea,UUN,Urban: Majority nearer to a major town or city,Urban,21101.2443389,12384040.0406876,21101.2443389136,a17b574e-735e-4bc6-bb60-5af390ed8cce
297,E09000021,Kingston upon Thames, ,519508,167389,-0.28367,51.393,585e7741-c918-46ab-b3a3-c5e9d5a6891f,E09000021,Kingston upon Thames,UUN,Urban: Majority nearer to a major town or city,Urban,37549.921718,37259416.9783936,37549.9217180313,4c7e1d61-b32a-4a79-8881-89819ecc11a3
298,E09000022,Lambeth, ,531118,175629,-0.11385,51.4645,13d3328d-4ee0-4f02-a42b-b42da9d640ff,E09000022,Lambeth,UUN,Urban: Majority nearer to a major town or city,Urban,34222.823304,27237590.1762466,34222.8233040392,e8e15f5e-08b0-432e-ac51-821d66a7fc32
299,E09000023,Lewisham, ,537888,173343,-0.01734,51.4423,dbf8d383-2e1e-4cd3-a1fd-8af188e3f4da,E09000023,Lewisham,UUN,Urban: Majority nearer to a major town or city,Urban,41052.8042884,35313982.8676147,41052.8042884248,e916ba7a-54b8-4598-9106-f2764bff6e1e
300,E09000024,Merton, ,526068,169508,-0.18868,51.4106,c9cc131a-ab12-471b-b308-c5835cfb01ca,E09000024,Merton,UUN,Urban: Majority nearer to a major town or city,Urban,32439.5336738,37624038.2783279,32439.5336737715,ea4d4e7d-d69c-4c5e-a9fe-052625219a45
301,E09000025,Newham, ,540713,183346,0.027261,51.5315,3f779516-1515-4d96-bcc8-edd53d9ecf61,E09000025,Newham,UUN,Urban: Majority nearer to a major town or city,Urban,31815.6128408,38575818.9155731,31815.612840828,542401aa-c3ac-41c8-8fa0-441cb31edfba
302,E09000026,Redbridge, ,543512,189477,0.070085,51.5859,f2c078b1-5862-473b-ad23-bff2df4ca900,E09000026,Redbridge,UUN,Urban: Majority nearer to a major town or city,Urban,45839.4115803,56434266.3031845,45839.4115802518,a7305280-9db4-4266-a67f-2842049f0caf
303,E09000027,Richmond upon Thames, ,519005,172650,-0.28914,51.4403,cded65ac-498f-4656-87c4-22961b42c07d,E09000027,Richmond upon Thames,UUN,Urban: Majority nearer to a major town or city,Urban,52490.4147097,58746533.7543869,52490.4147096715,077b2906-1be3-4205-b6e5-95468911b053
304,E09000028,Southwark, ,533945,175869,-0.07308,51.4659,a0420a26-4e31-488a-993d-64e231dddd45,E09000028,Southwark,UUN,Urban: Majority nearer to a major town or city,Urban,33659.5739306,29923089.3735733,33659.5739305931,2882926d-205b-4386-9f70-596f24b28560
305,E09000029,Sutton, ,527357,163639,-0.17226,51.3576,23b296d5-ab14-40be-a33c-2910c55866c7,E09000029,Sutton,UUN,Urban: Majority nearer to a major town or city,Urban,39927.9157122,43847690.3312454,39927.9157122329,9326daf7-b648-48ec-b1d2-75cf70ff14cf
306,E09000030,Tower Hamlets, ,536340,181452,-0.03647,51.5155,d9bab84a-eeca-4152-96fc-3ce5fb583391,E09000030,Tower Hamlets,UUN,Urban: Majority nearer to a major town or city,Urban,26818.1361054,21576909.4187012,26818.1361053884,b1e4891d-8f7f-45ca-856f-2fb18594e9c3
307,E09000031,Waltham Forest, ,537328,190278,-0.0188,51.5946,cd96d375-331c-4531-9a2d-889b22eadc99,E09000031,Waltham Forest,UUN,Urban: Majority nearer to a major town or city,Urban,33346.5752711,38810231.0118637,33346.5752711045,20cff32d-984c-4c5e-a100-aafd67fe504f
308,E09000032,Wandsworth, ,525152,174138,-0.20021,51.4524,0ee18803-710f-4eeb-9680-1fdce51c3d2e,E09000032,Wandsworth,UUN,Urban: Majority nearer to a major town or city,Urban,37444.0998873,35216031.40065,37444.0998872842,ed1da2c9-bb8a-45a9-8a58-697983ecf9f3
309,E09000033,Westminster, ,528268,180871,-0.15295,51.5122,46f2183d-bb17-454a-8076-8ac8ec9aa392,E09000033,Westminster,UUN,Urban: Majority nearer to a major town or city,Urban,27258.5789512,22037785.7012711,27258.5789511907,a32588fe-8008-4a34-af1e-1a194e8a39ed
310,W06000001,Isle of Anglesey,Ynys Môn,245217,378331,-4.32298,53.2793,084fb41a-1b0f-4656-b511-0a4cae319767,W06000001,Isle of Anglesey,RMF,Majority rural: Majority further from a major town or city,Rural,259537.700365,747781369.964081,259537.700365188,600c48a8-c6f5-44c2-b73f-b68047157969
311,W06000002,Gwynedd,Gwynedd,280555,334966,-3.77715,52.8988,2a6385e0-28f0-413c-8ca8-d327afdd653e,W06000002,Gwynedd,RMF,Majority rural: Majority further from a major town or city,Rural,470664.678065,2619681014.19987,470664.678064588,a880bfad-22d0-42f3-9c0c-08e86d549662
312,W06000003,Conwy,Conwy,283293,362563,-3.74646,53.1474,15a371a7-4a75-4edd-b953-7eac0aa6ae0e,W06000003,Conwy,UIF,Intermediate urban: Majority further from a major town or city,Urban,241834.351101,1149211570.24951,241834.351100986,74638015-c43d-4594-8b16-b37c6d1ea82c
313,W06000004,Denbighshire,Sir Ddinbych,309843,355416,-3.34761,53.0883,feb8e49b-e33b-4b88-93f6-1c1d68a8053a,W06000004,Denbighshire,RMF,Majority rural: Majority further from a major town or city,Rural,220850.855833,846288994.393501,220850.85583336,d1a7f9cb-cce4-43f5-83af-f9daf8345a11
314,W06000005,Flintshire,Sir y Fflint,321134,369280,-3.18248,53.2147,9a5a6200-dc7b-4482-8e69-22a8ea3665ba,W06000005,Flintshire,UIN,Intermediate urban: Majority nearer to a major town or city,Urban,143117.617346,489500896.387032,143117.617345528,682a0c55-391b-4c1a-8f61-9efbdb031cf1
315,W06000006,Wrexham,Wrecsam,333523,345387,-2.99203,53.0017,b8dae0c6-d35d-455a-a5aa-c780c3e4a215,W06000006,Wrexham,UIN,Intermediate urban: Majority nearer to a major town or city,Urban,190040.487574,503773487.933022,190040.487574012,51fd972e-2931-4477-a05d-3ccc53380978
316,W06000008,Ceredigion,Ceredigion,267127,268437,-3.94993,52.298,66e45222-6217-4d4c-ae5a-aaf07361996d,W06000008,Ceredigion,RMF,Majority rural: Majority further from a major town or city,Rural,330061.201357,1806698326.86493,330061.201357281,413675e0-adca-4224-abf2-bc22f731dc32
317,W06000009,Pembrokeshire,Sir Benfro,199821,221392,-4.90818,51.8551,b18837b6-06d9-4f6a-af3f-cf51ca491b33,W06000009,Pembrokeshire,RMF,Majority rural: Majority further from a major town or city,Rural,569612.223452,1651199232.9011,569612.223451749,0cf1b082-3169-4ff5-b3aa-5e1fedb5c4bb
318,W06000010,Carmarthenshire,Sir Gaerfyrddin,247954,224133,-4.2111,51.895,4dd39bc4-b415-40fc-b9d4-a37f00ec6aad,W06000010,Carmarthenshire,RIF,Intermediate rural: Majority further from a major town or city,Rural,362948.451694,2440281686.14085,362948.451693663,b9b0eda2-ca29-454f-8055-51e1c7561089
319,W06000011,Swansea,Abertawe,264022,197308,-3.96723,51.6581,d81b9fdc-8d10-4cf3-b5d4-7a3f92faedfe,W06000011,Swansea,UUN,Urban: Majority nearer to a major town or city,Urban,152719.286856,419393510.792889,152719.286855938,1bfa26b8-8f43-4aa3-874b-244363c6261c
320,W06000012,Neath Port Talbot,Castell-nedd Port Talbot,279261,195412,-3.74638,51.6445,99ed29c8-844b-4ce1-95fd-e0c858f67282,W06000012,Neath Port Talbot,UIN,Intermediate urban: Majority nearer to a major town or city,Urban,136743.741221,451875355.148533,136743.741220537,6c0739b2-2324-4eef-8879-70d559257ee4
321,W06000013,Bridgend,Pen-y-bont ar Ogwr,288231,185870,-3.61375,51.5606,53b7d33d-10bb-486c-be08-da6b11941ef1,W06000013,Bridgend,UIF,Intermediate urban: Majority further from a major town or city,Urban,90755.0668988,255120910.503971,90755.0668988323,f9ec99e3-21f5-4e36-be61-0974df825be2
322,W06000014,Vale of Glamorgan,Bro Morgannwg,302947,173080,-3.39801,51.4484,e3adacb6-a224-4b00-b881-4f9c7634f076,W06000014,Vale of Glamorgan,UIF,Intermediate urban: Majority further from a major town or city,Urban,102801.003433,339804267.454712,102801.003433297,2b55e984-b425-4bae-aaf3-a16c09576ba7
323,W06000015,Cardiff,Caerdydd,315272,178887,-3.22209,51.5025,cf220206-0ad1-40be-8213-3c6c554f41ea,W06000015,Cardiff,UUN,Urban: Majority nearer to a major town or city,Urban,70142.1884158,149444878.195847,70142.1884157728,5a5c582b-abc2-4459-a2b9-10e8fc5478a7
324,W06000016,Rhondda Cynon Taf,Rhondda Cynon Taf,302237,192395,-3.41359,51.6218,7a6708de-6d6f-44ba-95dd-ec16c41836d8,W06000016,Rhondda Cynon Taf,UUF,Urban: Majority further from a major town or city,Urban,130240.624603,424150424.955551,130240.624602837,c02c9eb1-3159-4bce-8907-fcba352b2b2a
325,W06000018,Caerphilly,Caerffili,317245,195259,-3.19753,51.65,9c8555c7-6c5f-4fb6-b6cb-e0e1b39fba24,W06000018,Caerphilly,UUN,Urban: Majority nearer to a major town or city,Urban,116205.600667,277387820.795345,116205.600666614,a551d758-84a7-4bd3-9f47-82df3df6df7c
326,W06000019,Blaenau Gwent,Blaenau Gwent,318236,206771,-3.18592,51.7536,ca389c0a-a6ba-4e94-a8dd-0cfe3b435ca0,W06000019,Blaenau Gwent,UUF,Urban: Majority further from a major town or city,Urban,65601.6744409,108728048.165253,65601.6744409075,2bcfc74c-4cfa-4c01-a175-aa93dd3d82ee
327,W06000020,Torfaen,Torfaen,327459,200480,-3.05101,51.6984,ab2c005d-4bb2-477c-8e39-b21fe45fcfed,W06000020,Torfaen,UUN,Urban: Majority nearer to a major town or city,Urban,82544.77098,126239927.870293,82544.770979991,2ada18ed-cfab-4642-8899-f5033dfb22ac
328,W06000021,Monmouthshire,Sir Fynwy,337812,209231,-2.9028,51.7783,0f4b5172-bee3-48ae-b6d0-31c0d3103f9b,W06000021,Monmouthshire,RIN,Intermediate rural: Majority nearer to a major town or city,Rural,250879.753346,886043857.275116,250879.753346205,75bea680-b8a0-4e56-bfdb-648ad535a8e6
329,W06000022,Newport,Casnewydd,337897,187432,-2.89769,51.5823,1bdd8eb0-8097-4f9c-abad-300ee44e3fb9,W06000022,Newport,UUN,Urban: Majority nearer to a major town or city,Urban,135651.510102,217517956.532566,135651.510102422,e9f63d2d-8bd9-49d3-9824-52af9110980f
330,W06000023,Powys,Powys,302329,273255,-3.43531,52.3486,2b8aae67-4ab3-413d-b3ad-baff2b36befc,W06000023,Powys,RMF,Majority rural: Majority further from a major town or city,Rural,606560.015329,5195456316.78739,606560.015328648,043dad9d-48dd-4e7d-b295-98fb72f668ff
331,W06000024,Merthyr Tydfil,Merthyr Tudful,305916,206424,-3.36425,51.7486,12045c77-a9f1-433c-967d-c2ec26736e91,W06000024,Merthyr Tydfil,UUF,Urban: Majority further from a major town or city,Urban,66696.815445,111957012.02029,66696.8154449643,cba4d9f4-dc3c-4b8d-9fc9-ef61f6ac78cf
